 DROP DATABASE IF EXISTS vk;
CREATE  DATABASE  vk;
USE vk;

#
# TABLE STRUCTURE FOR: users
#

DROP TABLE IF EXISTS `users`;

CREATE TABLE `users` (
  `id` bigint(20) unsigned NOT NULL AUTO_INCREMENT,
  `firstname` varchar(50) COLLATE utf8_unicode_ci DEFAULT NULL,
  `lastname` varchar(50) COLLATE utf8_unicode_ci DEFAULT NULL COMMENT 'Фамиль',
  `email` varchar(120) COLLATE utf8_unicode_ci DEFAULT NULL,
  `phone` bigint(20) DEFAULT NULL,
  PRIMARY KEY (`id`),
  UNIQUE KEY `email` (`email`),
  KEY `users_phone_idx` (`phone`),
  KEY `users_firstname_lastname_idx` (`firstname`,`lastname`)
) ENGINE=InnoDB AUTO_INCREMENT=101 DEFAULT CHARSET=utf8 COLLATE=utf8_unicode_ci;

INSERT INTO `users` (`id`, `firstname`, `lastname`, `email`, `phone`) VALUES ('1', 'Seth', 'Schneider', 'orpha.walter@example.net', '262920');
INSERT INTO `users` (`id`, `firstname`, `lastname`, `email`, `phone`) VALUES ('2', 'Jayson', 'Schimmel', 'giles.dare@example.net', '7448415805');
INSERT INTO `users` (`id`, `firstname`, `lastname`, `email`, `phone`) VALUES ('3', 'Josue', 'Collier', 'hkuhlman@example.com', '304442');
INSERT INTO `users` (`id`, `firstname`, `lastname`, `email`, `phone`) VALUES ('4', 'Larue', 'Ratke', 'reid.hauck@example.net', '1');
INSERT INTO `users` (`id`, `firstname`, `lastname`, `email`, `phone`) VALUES ('5', 'Ubaldo', 'Volkman', 'qwuckert@example.com', '0');
INSERT INTO `users` (`id`, `firstname`, `lastname`, `email`, `phone`) VALUES ('6', 'Rosanna', 'Pagac', 'wlehner@example.net', '1');
INSERT INTO `users` (`id`, `firstname`, `lastname`, `email`, `phone`) VALUES ('7', 'Eveline', 'Cartwright', 'neal.waelchi@example.org', '70');
INSERT INTO `users` (`id`, `firstname`, `lastname`, `email`, `phone`) VALUES ('8', 'Geovanny', 'Armstrong', 'gkerluke@example.org', '1');
INSERT INTO `users` (`id`, `firstname`, `lastname`, `email`, `phone`) VALUES ('9', 'Kaia', 'Murphy', 'ciara20@example.com', '927534');
INSERT INTO `users` (`id`, `firstname`, `lastname`, `email`, `phone`) VALUES ('10', 'Jeremie', 'Rohan', 'alexane61@example.net', '973');
INSERT INTO `users` (`id`, `firstname`, `lastname`, `email`, `phone`) VALUES ('11', 'Aurelio', 'Wilderman', 'price.kolby@example.org', '615364');
INSERT INTO `users` (`id`, `firstname`, `lastname`, `email`, `phone`) VALUES ('12', 'Melba', 'Predovic', 'korbin49@example.net', '3410565536');
INSERT INTO `users` (`id`, `firstname`, `lastname`, `email`, `phone`) VALUES ('13', 'Francisco', 'Bayer', 'amacejkovic@example.com', '0');
INSERT INTO `users` (`id`, `firstname`, `lastname`, `email`, `phone`) VALUES ('14', 'Viviane', 'Wolf', 'kaylie74@example.org', '53');
INSERT INTO `users` (`id`, `firstname`, `lastname`, `email`, `phone`) VALUES ('15', 'Casimer', 'Murazik', 'jconsidine@example.net', '675075');
INSERT INTO `users` (`id`, `firstname`, `lastname`, `email`, `phone`) VALUES ('16', 'Patrick', 'Crona', 'keeling.shirley@example.net', '523871');
INSERT INTO `users` (`id`, `firstname`, `lastname`, `email`, `phone`) VALUES ('17', 'Graciela', 'Gleason', 'wkreiger@example.com', '0');
INSERT INTO `users` (`id`, `firstname`, `lastname`, `email`, `phone`) VALUES ('18', 'Rogers', 'Nader', 'vweber@example.org', '15670');
INSERT INTO `users` (`id`, `firstname`, `lastname`, `email`, `phone`) VALUES ('19', 'Velva', 'Boyle', 'ola.harber@example.net', '1');
INSERT INTO `users` (`id`, `firstname`, `lastname`, `email`, `phone`) VALUES ('20', 'Baby', 'Hilpert', 'vgleason@example.org', '935529');
INSERT INTO `users` (`id`, `firstname`, `lastname`, `email`, `phone`) VALUES ('21', 'Alexys', 'Hickle', 'montana60@example.org', '0');
INSERT INTO `users` (`id`, `firstname`, `lastname`, `email`, `phone`) VALUES ('22', 'Arturo', 'Stark', 'huels.keira@example.net', '943');
INSERT INTO `users` (`id`, `firstname`, `lastname`, `email`, `phone`) VALUES ('23', 'Judge', 'Sipes', 'yorn@example.net', '13');
INSERT INTO `users` (`id`, `firstname`, `lastname`, `email`, `phone`) VALUES ('24', 'Crawford', 'Kshlerin', 'fyost@example.net', '1');
INSERT INTO `users` (`id`, `firstname`, `lastname`, `email`, `phone`) VALUES ('25', 'Viviane', 'Jakubowski', 'nelle.medhurst@example.org', '966');
INSERT INTO `users` (`id`, `firstname`, `lastname`, `email`, `phone`) VALUES ('26', 'Ila', 'Bednar', 'kiley.littel@example.com', '6572382403');
INSERT INTO `users` (`id`, `firstname`, `lastname`, `email`, `phone`) VALUES ('27', 'Mafalda', 'Lindgren', 'emile32@example.net', '0');
INSERT INTO `users` (`id`, `firstname`, `lastname`, `email`, `phone`) VALUES ('28', 'Genesis', 'Johnston', 'josie.beahan@example.com', '972723');
INSERT INTO `users` (`id`, `firstname`, `lastname`, `email`, `phone`) VALUES ('29', 'Lucinda', 'Lynch', 'clangworth@example.org', '593195');
INSERT INTO `users` (`id`, `firstname`, `lastname`, `email`, `phone`) VALUES ('30', 'Leda', 'Hegmann', 'arnold.welch@example.org', '0');
INSERT INTO `users` (`id`, `firstname`, `lastname`, `email`, `phone`) VALUES ('31', 'Daren', 'Greenfelder', 'kiera.volkman@example.org', '1');
INSERT INTO `users` (`id`, `firstname`, `lastname`, `email`, `phone`) VALUES ('32', 'Dion', 'Tremblay', 'timmothy.graham@example.net', '0');
INSERT INTO `users` (`id`, `firstname`, `lastname`, `email`, `phone`) VALUES ('33', 'Lora', 'Cruickshank', 'bradford.collins@example.net', '779672');
INSERT INTO `users` (`id`, `firstname`, `lastname`, `email`, `phone`) VALUES ('34', 'Megane', 'Marvin', 'brielle56@example.org', '44');
INSERT INTO `users` (`id`, `firstname`, `lastname`, `email`, `phone`) VALUES ('35', 'Deven', 'O\'Reilly', 'crona.lorine@example.com', '0');
INSERT INTO `users` (`id`, `firstname`, `lastname`, `email`, `phone`) VALUES ('36', 'Laurel', 'Borer', 'hassie98@example.net', '960');
INSERT INTO `users` (`id`, `firstname`, `lastname`, `email`, `phone`) VALUES ('37', 'Alford', 'Hermiston', 'justice.willms@example.net', '23');
INSERT INTO `users` (`id`, `firstname`, `lastname`, `email`, `phone`) VALUES ('38', 'Josiane', 'Hand', 'ystreich@example.com', '0');
INSERT INTO `users` (`id`, `firstname`, `lastname`, `email`, `phone`) VALUES ('39', 'Furman', 'Lemke', 'conroy.travis@example.com', '0');
INSERT INTO `users` (`id`, `firstname`, `lastname`, `email`, `phone`) VALUES ('40', 'Kelley', 'Hermiston', 'powlowski.mafalda@example.org', '594');
INSERT INTO `users` (`id`, `firstname`, `lastname`, `email`, `phone`) VALUES ('41', 'Polly', 'Schiller', 'alan.harvey@example.com', '3433361348');
INSERT INTO `users` (`id`, `firstname`, `lastname`, `email`, `phone`) VALUES ('42', 'Caroline', 'Marvin', 'dandre.block@example.com', '201');
INSERT INTO `users` (`id`, `firstname`, `lastname`, `email`, `phone`) VALUES ('43', 'Lelia', 'Thiel', 'jwaelchi@example.org', '0');
INSERT INTO `users` (`id`, `firstname`, `lastname`, `email`, `phone`) VALUES ('44', 'Clotilde', 'Conroy', 'beer.ines@example.net', '383020');
INSERT INTO `users` (`id`, `firstname`, `lastname`, `email`, `phone`) VALUES ('45', 'Tatyana', 'Walter', 'akilback@example.net', '0');
INSERT INTO `users` (`id`, `firstname`, `lastname`, `email`, `phone`) VALUES ('46', 'Meggie', 'Ortiz', 'madelyn75@example.net', '1');
INSERT INTO `users` (`id`, `firstname`, `lastname`, `email`, `phone`) VALUES ('47', 'Alana', 'Waters', 'vada96@example.org', '1');
INSERT INTO `users` (`id`, `firstname`, `lastname`, `email`, `phone`) VALUES ('48', 'Raoul', 'Gulgowski', 'lmitchell@example.net', '0');
INSERT INTO `users` (`id`, `firstname`, `lastname`, `email`, `phone`) VALUES ('49', 'Syble', 'Medhurst', 'obechtelar@example.net', '0');
INSERT INTO `users` (`id`, `firstname`, `lastname`, `email`, `phone`) VALUES ('50', 'Wyman', 'Heller', 'bkuhic@example.com', '0');
INSERT INTO `users` (`id`, `firstname`, `lastname`, `email`, `phone`) VALUES ('51', 'Miles', 'Mueller', 'osinski.janae@example.com', '1');
INSERT INTO `users` (`id`, `firstname`, `lastname`, `email`, `phone`) VALUES ('52', 'Davonte', 'O\'Kon', 'ada97@example.net', '1');
INSERT INTO `users` (`id`, `firstname`, `lastname`, `email`, `phone`) VALUES ('53', 'Koby', 'Mayer', 'madonna.rath@example.net', '97');
INSERT INTO `users` (`id`, `firstname`, `lastname`, `email`, `phone`) VALUES ('54', 'Amaya', 'Breitenberg', 'stoltenberg.rusty@example.org', '840665');
INSERT INTO `users` (`id`, `firstname`, `lastname`, `email`, `phone`) VALUES ('55', 'Henderson', 'Osinski', 'zgrant@example.com', '187');
INSERT INTO `users` (`id`, `firstname`, `lastname`, `email`, `phone`) VALUES ('56', 'Berta', 'Schinner', 'ansel.skiles@example.org', '460309');
INSERT INTO `users` (`id`, `firstname`, `lastname`, `email`, `phone`) VALUES ('57', 'Mckenzie', 'Buckridge', 'liana.hoppe@example.net', '1');
INSERT INTO `users` (`id`, `firstname`, `lastname`, `email`, `phone`) VALUES ('58', 'Cathrine', 'Yundt', 'thompson.everette@example.org', '803750');
INSERT INTO `users` (`id`, `firstname`, `lastname`, `email`, `phone`) VALUES ('59', 'Ebba', 'Schumm', 'ophelia41@example.com', '0');
INSERT INTO `users` (`id`, `firstname`, `lastname`, `email`, `phone`) VALUES ('60', 'Llewellyn', 'Botsford', 'robbie67@example.net', '890');
INSERT INTO `users` (`id`, `firstname`, `lastname`, `email`, `phone`) VALUES ('61', 'Jonathon', 'Nolan', 'lo\'kon@example.org', '0');
INSERT INTO `users` (`id`, `firstname`, `lastname`, `email`, `phone`) VALUES ('62', 'Alysson', 'Leffler', 'bmoen@example.com', '1');
INSERT INTO `users` (`id`, `firstname`, `lastname`, `email`, `phone`) VALUES ('63', 'Sheila', 'Walter', 'trevor.schmitt@example.org', '161113');
INSERT INTO `users` (`id`, `firstname`, `lastname`, `email`, `phone`) VALUES ('64', 'Sincere', 'Eichmann', 'welch.rosario@example.com', '40');
INSERT INTO `users` (`id`, `firstname`, `lastname`, `email`, `phone`) VALUES ('65', 'Alice', 'Stiedemann', 'camille.ratke@example.com', '1');
INSERT INTO `users` (`id`, `firstname`, `lastname`, `email`, `phone`) VALUES ('66', 'Clair', 'Herman', 'keara41@example.net', '635180');
INSERT INTO `users` (`id`, `firstname`, `lastname`, `email`, `phone`) VALUES ('67', 'Gilbert', 'Schultz', 'pfannerstill.jedidiah@example.org', '107');
INSERT INTO `users` (`id`, `firstname`, `lastname`, `email`, `phone`) VALUES ('68', 'Garrett', 'Romaguera', 'pdach@example.net', '466');
INSERT INTO `users` (`id`, `firstname`, `lastname`, `email`, `phone`) VALUES ('69', 'Keegan', 'Stamm', 'connelly.clinton@example.net', '293');
INSERT INTO `users` (`id`, `firstname`, `lastname`, `email`, `phone`) VALUES ('70', 'Lucy', 'Douglas', 'ron.kautzer@example.org', '60');
INSERT INTO `users` (`id`, `firstname`, `lastname`, `email`, `phone`) VALUES ('71', 'Jo', 'Moen', 'lernser@example.com', '1');
INSERT INTO `users` (`id`, `firstname`, `lastname`, `email`, `phone`) VALUES ('72', 'Victoria', 'Blick', 'hildegard.o\'kon@example.org', '451424');
INSERT INTO `users` (`id`, `firstname`, `lastname`, `email`, `phone`) VALUES ('73', 'Trycia', 'Hand', 'crodriguez@example.com', '1');
INSERT INTO `users` (`id`, `firstname`, `lastname`, `email`, `phone`) VALUES ('74', 'Kenya', 'Spencer', 'hartmann.lois@example.org', '835895');
INSERT INTO `users` (`id`, `firstname`, `lastname`, `email`, `phone`) VALUES ('75', 'Ottilie', 'Adams', 'eichmann.mario@example.net', '0');
INSERT INTO `users` (`id`, `firstname`, `lastname`, `email`, `phone`) VALUES ('76', 'Adolfo', 'Nikolaus', 'francisca96@example.net', '993194');
INSERT INTO `users` (`id`, `firstname`, `lastname`, `email`, `phone`) VALUES ('77', 'Guillermo', 'Kirlin', 'stark.harley@example.org', '427');
INSERT INTO `users` (`id`, `firstname`, `lastname`, `email`, `phone`) VALUES ('78', 'Darian', 'Berge', 'nbashirian@example.net', '1');
INSERT INTO `users` (`id`, `firstname`, `lastname`, `email`, `phone`) VALUES ('79', 'Verdie', 'Zieme', 'purdy.shayne@example.net', '8291426168');
INSERT INTO `users` (`id`, `firstname`, `lastname`, `email`, `phone`) VALUES ('80', 'Anahi', 'Legros', 'osinski.alexys@example.com', '404921');
INSERT INTO `users` (`id`, `firstname`, `lastname`, `email`, `phone`) VALUES ('81', 'Sofia', 'Morar', 'claudine01@example.org', '2176491403');
INSERT INTO `users` (`id`, `firstname`, `lastname`, `email`, `phone`) VALUES ('82', 'Devon', 'Jaskolski', 'torphy.brown@example.com', '1');
INSERT INTO `users` (`id`, `firstname`, `lastname`, `email`, `phone`) VALUES ('83', 'Edwin', 'Sipes', 'konopelski.leanne@example.net', '204436');
INSERT INTO `users` (`id`, `firstname`, `lastname`, `email`, `phone`) VALUES ('84', 'Tito', 'Johnson', 'toy.arnaldo@example.com', '445527');
INSERT INTO `users` (`id`, `firstname`, `lastname`, `email`, `phone`) VALUES ('85', 'Dena', 'Emard', 'zdaugherty@example.net', '1');
INSERT INTO `users` (`id`, `firstname`, `lastname`, `email`, `phone`) VALUES ('86', 'Matilda', 'Hagenes', 'dedrick74@example.org', '65915');
INSERT INTO `users` (`id`, `firstname`, `lastname`, `email`, `phone`) VALUES ('87', 'Everett', 'Hermiston', 'hhickle@example.com', '149691');
INSERT INTO `users` (`id`, `firstname`, `lastname`, `email`, `phone`) VALUES ('88', 'Marjory', 'Hammes', 'nicholas.langosh@example.org', '0');
INSERT INTO `users` (`id`, `firstname`, `lastname`, `email`, `phone`) VALUES ('89', 'Van', 'Glover', 'raegan.hills@example.net', '583454');
INSERT INTO `users` (`id`, `firstname`, `lastname`, `email`, `phone`) VALUES ('90', 'Elijah', 'Stamm', 'gardner.balistreri@example.net', '384281');
INSERT INTO `users` (`id`, `firstname`, `lastname`, `email`, `phone`) VALUES ('91', 'Lawrence', 'Mitchell', 'morn@example.net', '210');
INSERT INTO `users` (`id`, `firstname`, `lastname`, `email`, `phone`) VALUES ('92', 'Laron', 'Considine', 'ecarroll@example.com', '1');
INSERT INTO `users` (`id`, `firstname`, `lastname`, `email`, `phone`) VALUES ('93', 'Hayden', 'Kassulke', 'o\'connell.danielle@example.org', '0');
INSERT INTO `users` (`id`, `firstname`, `lastname`, `email`, `phone`) VALUES ('94', 'Dovie', 'Smitham', 'kshlerin.zelma@example.net', '1');
INSERT INTO `users` (`id`, `firstname`, `lastname`, `email`, `phone`) VALUES ('95', 'Oma', 'Okuneva', 'mrussel@example.org', '0');
INSERT INTO `users` (`id`, `firstname`, `lastname`, `email`, `phone`) VALUES ('96', 'Eloy', 'Larson', 'djacobs@example.com', '0');
INSERT INTO `users` (`id`, `firstname`, `lastname`, `email`, `phone`) VALUES ('97', 'Reta', 'Ryan', 'ariel90@example.net', '743');
INSERT INTO `users` (`id`, `firstname`, `lastname`, `email`, `phone`) VALUES ('98', 'Ilene', 'Kshlerin', 'bennie.reynolds@example.net', '760129');
INSERT INTO `users` (`id`, `firstname`, `lastname`, `email`, `phone`) VALUES ('99', 'Sigurd', 'Langworth', 'delilah.lindgren@example.net', '413');
INSERT INTO `users` (`id`, `firstname`, `lastname`, `email`, `phone`) VALUES ('100', 'Cleta', 'Schneider', 'gstreich@example.net', '199061');

#
# TABLE STRUCTURE FOR: messages
#

DROP TABLE IF EXISTS `messages`;
CREATE TABLE `messages` (
  `id` bigint(20) unsigned NOT NULL AUTO_INCREMENT,
  `from_user_id` bigint(20) unsigned NOT NULL,
  `to_user_id` bigint(20) unsigned NOT NULL,
  `body` text COLLATE utf8_unicode_ci DEFAULT NULL,
  `created_at` datetime DEFAULT current_timestamp(),
  PRIMARY KEY (`id`),
  KEY `messages_from_user_id` (`from_user_id`),
  KEY `messages_to_user_id` (`to_user_id`),
  CONSTRAINT `messages_ibfk_1` FOREIGN KEY (`from_user_id`) REFERENCES `users` (`id`),
  CONSTRAINT `messages_ibfk_2` FOREIGN KEY (`to_user_id`) REFERENCES `users` (`id`)
) ENGINE=InnoDB AUTO_INCREMENT=101 DEFAULT CHARSET=utf8 COLLATE=utf8_unicode_ci;

INSERT INTO `messages` (`id`, `from_user_id`, `to_user_id`, `body`, `created_at`) VALUES ('1', '1', '1', 'Accusamus quo consequatur sunt ut voluptas. Commodi quo sunt aut doloribus sapiente ut. Omnis repudiandae enim praesentium totam atque aspernatur magni. Aut illo autem ut.', '1976-09-08 11:52:36');
INSERT INTO `messages` (`id`, `from_user_id`, `to_user_id`, `body`, `created_at`) VALUES ('2', '2', '2', 'Beatae non amet est incidunt iure ex sequi. Perferendis non aspernatur velit dolore. Aut veritatis quo aperiam qui omnis recusandae molestiae libero.', '2004-10-12 03:05:08');
INSERT INTO `messages` (`id`, `from_user_id`, `to_user_id`, `body`, `created_at`) VALUES ('3', '3', '3', 'Pariatur non architecto dicta suscipit temporibus eligendi ut. Consequatur fugit voluptas sed. Id quia fuga voluptate itaque esse impedit officiis.', '2001-06-22 01:59:47');
INSERT INTO `messages` (`id`, `from_user_id`, `to_user_id`, `body`, `created_at`) VALUES ('4', '4', '4', 'Natus ullam provident iste est. Sint similique qui sint consectetur. Repudiandae qui voluptatem vel magnam et ducimus. Consequuntur ab dolorum nihil eveniet molestias esse.', '2012-01-03 12:23:05');
INSERT INTO `messages` (`id`, `from_user_id`, `to_user_id`, `body`, `created_at`) VALUES ('5', '5', '5', 'Perspiciatis ut sed et ea. Esse repudiandae ad unde hic. Odio aperiam voluptatem laudantium molestiae eos.', '2010-02-17 13:51:59');
INSERT INTO `messages` (`id`, `from_user_id`, `to_user_id`, `body`, `created_at`) VALUES ('6', '6', '6', 'Maxime recusandae velit sed sint modi sed. Sequi fugiat vero magnam iure aut qui aut. Velit quam quia alias ut magni et nostrum. Ut quia iusto vero.', '1986-05-31 05:48:38');
INSERT INTO `messages` (`id`, `from_user_id`, `to_user_id`, `body`, `created_at`) VALUES ('7', '7', '7', 'Soluta magnam soluta nihil enim et. Fuga recusandae voluptatem voluptas dolorem est temporibus libero. Aut quibusdam dolorem magni mollitia quia.', '1989-05-09 23:48:30');
INSERT INTO `messages` (`id`, `from_user_id`, `to_user_id`, `body`, `created_at`) VALUES ('8', '8', '8', 'Eaque sequi enim reiciendis facilis consequatur vitae voluptatem aut. Maiores aut ut sed labore. Accusamus sunt nemo aliquid ratione quia velit soluta. Sint in est totam.', '1990-04-05 09:56:20');
INSERT INTO `messages` (`id`, `from_user_id`, `to_user_id`, `body`, `created_at`) VALUES ('9', '9', '9', 'Voluptas cupiditate occaecati qui hic consectetur. Recusandae et quia nihil aut vero. Dicta voluptatem qui accusamus enim sapiente nam odio. A voluptas sint ad error qui nihil qui.', '1999-01-16 02:36:49');
INSERT INTO `messages` (`id`, `from_user_id`, `to_user_id`, `body`, `created_at`) VALUES ('10', '10', '10', 'Dolorem sit tenetur est dolore esse. Sed sunt maiores error accusamus facilis maiores. Expedita pariatur excepturi omnis reiciendis.', '2018-12-05 03:53:10');
INSERT INTO `messages` (`id`, `from_user_id`, `to_user_id`, `body`, `created_at`) VALUES ('11', '11', '11', 'Commodi error recusandae perferendis commodi qui quo. Vel quasi rerum ut quam placeat aut magnam incidunt. Laboriosam quos mollitia labore libero voluptatem voluptatem.', '1993-02-27 03:39:28');
INSERT INTO `messages` (`id`, `from_user_id`, `to_user_id`, `body`, `created_at`) VALUES ('12', '12', '12', 'Repudiandae sint laboriosam qui voluptates sit sunt ut. Tenetur qui nihil recusandae maxime dolorem amet et. Sit et aliquid asperiores rerum. Ratione voluptatum nisi id officia optio nemo non error.', '1998-03-24 04:21:01');
INSERT INTO `messages` (`id`, `from_user_id`, `to_user_id`, `body`, `created_at`) VALUES ('13', '13', '13', 'Vel et aut et. Non aut illum reiciendis veritatis porro. Voluptatibus aut pariatur dolor ut sed eveniet recusandae iure. Aspernatur ipsum dolorem voluptas qui asperiores.', '2016-04-12 16:46:28');
INSERT INTO `messages` (`id`, `from_user_id`, `to_user_id`, `body`, `created_at`) VALUES ('14', '14', '14', 'Fugiat aut numquam corporis in possimus harum debitis. Et minima commodi voluptatibus maxime et in.', '1986-02-22 18:17:22');
INSERT INTO `messages` (`id`, `from_user_id`, `to_user_id`, `body`, `created_at`) VALUES ('15', '15', '15', 'Quidem eos corrupti et aut facere et. Est et iste consequuntur vel amet. Voluptatum voluptatem consectetur rerum sunt ut quas rerum. Aliquid ullam voluptate ratione et asperiores.', '2013-09-04 14:25:07');
INSERT INTO `messages` (`id`, `from_user_id`, `to_user_id`, `body`, `created_at`) VALUES ('16', '16', '16', 'Vero et vel officiis consequatur labore iure. Quaerat autem omnis totam aut provident dolor minus. Molestiae vel non fugiat exercitationem rerum qui vel. Velit nemo nisi aut laboriosam tempora totam sint.', '2015-09-25 16:03:30');
INSERT INTO `messages` (`id`, `from_user_id`, `to_user_id`, `body`, `created_at`) VALUES ('17', '17', '17', 'Fugit corrupti qui dolor et laborum autem. Omnis fugit omnis voluptatem ad quo in necessitatibus eos.', '1993-10-30 18:32:34');
INSERT INTO `messages` (`id`, `from_user_id`, `to_user_id`, `body`, `created_at`) VALUES ('18', '18', '18', 'Harum autem earum nostrum. Omnis rerum dolor omnis totam minus ducimus cumque. Quia ducimus architecto ea in ut in. Sapiente magnam dolorum nesciunt sit ex aperiam esse.', '1983-02-13 11:48:08');
INSERT INTO `messages` (`id`, `from_user_id`, `to_user_id`, `body`, `created_at`) VALUES ('19', '19', '19', 'Sed harum quis est. Quos amet animi molestiae sequi cumque illum. Omnis odio consequatur occaecati laudantium. Iure sit doloribus dignissimos voluptatem nisi excepturi.', '2014-04-27 17:35:13');
INSERT INTO `messages` (`id`, `from_user_id`, `to_user_id`, `body`, `created_at`) VALUES ('20', '20', '20', 'Nisi nobis tenetur dignissimos iusto repellendus labore vel. Voluptatem repudiandae a explicabo voluptatem veritatis voluptas. Doloremque aliquid voluptas corrupti autem modi sunt iure. Enim vero sed eligendi id asperiores qui ipsum.', '2010-03-10 22:45:46');
INSERT INTO `messages` (`id`, `from_user_id`, `to_user_id`, `body`, `created_at`) VALUES ('21', '21', '21', 'Enim officiis beatae fugit quidem quam maiores assumenda quae. Corrupti aut magni saepe pariatur eum id quia. Quis sunt et eaque ipsam a adipisci earum recusandae. Non incidunt reprehenderit quasi aut neque reiciendis quisquam.', '1988-09-01 08:19:16');
INSERT INTO `messages` (`id`, `from_user_id`, `to_user_id`, `body`, `created_at`) VALUES ('22', '22', '22', 'Commodi beatae perspiciatis inventore nesciunt. Nulla nesciunt deleniti sed non possimus.', '1980-12-03 07:27:10');
INSERT INTO `messages` (`id`, `from_user_id`, `to_user_id`, `body`, `created_at`) VALUES ('23', '23', '23', 'Nihil dolores et molestiae qui velit nemo. Est ullam sed perferendis ut deserunt impedit et. Dicta aut sit animi velit blanditiis quaerat cumque.', '2019-02-03 23:49:49');
INSERT INTO `messages` (`id`, `from_user_id`, `to_user_id`, `body`, `created_at`) VALUES ('24', '24', '24', 'Beatae ipsa quae voluptas quasi ea fugiat. Iusto omnis odit ut. Quos quo velit est nihil.', '1970-01-04 11:21:42');
INSERT INTO `messages` (`id`, `from_user_id`, `to_user_id`, `body`, `created_at`) VALUES ('25', '25', '25', 'Eum ut id sint non quis. Voluptatum quod itaque ipsam modi quisquam dolore.', '2015-03-09 10:23:47');
INSERT INTO `messages` (`id`, `from_user_id`, `to_user_id`, `body`, `created_at`) VALUES ('26', '26', '26', 'Facere est optio asperiores deleniti atque nam praesentium. In numquam sunt dignissimos voluptatem aut doloremque. Vero qui dicta suscipit at. Beatae saepe maxime repellat dolorem consequuntur saepe at.', '1971-11-29 15:53:59');
INSERT INTO `messages` (`id`, `from_user_id`, `to_user_id`, `body`, `created_at`) VALUES ('27', '27', '27', 'Facere dicta enim eius aspernatur ratione harum quod. Molestias neque labore similique at.', '1999-03-19 07:36:56');
INSERT INTO `messages` (`id`, `from_user_id`, `to_user_id`, `body`, `created_at`) VALUES ('28', '28', '28', 'Voluptas itaque ab et ipsum ad nisi et. Sit adipisci consectetur animi placeat soluta ut tenetur. Ab velit harum nisi corrupti quos rerum.', '1989-03-01 16:35:06');
INSERT INTO `messages` (`id`, `from_user_id`, `to_user_id`, `body`, `created_at`) VALUES ('29', '29', '29', 'Inventore accusantium provident fuga eaque voluptas. Et rerum illum iusto ex consequatur omnis. Sit ratione similique non ullam explicabo cupiditate et ut. Laudantium nisi doloribus ut quidem. Molestiae voluptates tempora nihil corporis repellendus.', '1984-09-19 05:09:18');
INSERT INTO `messages` (`id`, `from_user_id`, `to_user_id`, `body`, `created_at`) VALUES ('30', '30', '30', 'Quaerat nemo ut et eos vero. Expedita est est consectetur vel fugiat. Aut impedit ut non minima dolor quaerat. Vel rem nobis temporibus et pariatur.', '2014-02-10 05:56:42');
INSERT INTO `messages` (`id`, `from_user_id`, `to_user_id`, `body`, `created_at`) VALUES ('31', '31', '31', 'Dolor neque eveniet autem consequatur corrupti aliquid natus aliquid. Doloribus assumenda et sapiente. Voluptatem blanditiis quae eaque harum sunt. Accusamus ea praesentium eligendi suscipit labore.', '1975-03-09 20:23:10');
INSERT INTO `messages` (`id`, `from_user_id`, `to_user_id`, `body`, `created_at`) VALUES ('32', '32', '32', 'Et sed facere molestiae veniam ratione eos. Aliquid pariatur deleniti dolorem nisi. Enim temporibus ipsum illo vel eaque quae ut architecto. Natus placeat error similique temporibus.', '1992-11-29 20:03:34');
INSERT INTO `messages` (`id`, `from_user_id`, `to_user_id`, `body`, `created_at`) VALUES ('33', '33', '33', 'Ipsam quo laudantium non. Quidem nemo dolor commodi quos iusto quis. Rerum dolor similique omnis culpa iusto. In excepturi deserunt voluptas omnis. Qui aut occaecati repudiandae nihil laudantium dolore consequatur.', '1990-07-27 14:48:34');
INSERT INTO `messages` (`id`, `from_user_id`, `to_user_id`, `body`, `created_at`) VALUES ('34', '34', '34', 'Labore ea accusamus illum exercitationem iste nostrum laudantium. Tempore nam eveniet est incidunt et laboriosam sed. Voluptatem necessitatibus enim commodi et ut libero. Exercitationem ut alias deleniti ut tempora est sequi.', '1982-05-28 12:38:21');
INSERT INTO `messages` (`id`, `from_user_id`, `to_user_id`, `body`, `created_at`) VALUES ('35', '35', '35', 'Distinctio id inventore odit possimus aut vel. Voluptatibus molestiae et quo nesciunt mollitia. Enim quos sunt non.', '1999-03-29 06:00:09');
INSERT INTO `messages` (`id`, `from_user_id`, `to_user_id`, `body`, `created_at`) VALUES ('36', '36', '36', 'In perspiciatis saepe inventore facere molestiae voluptatem ea. Non rem quam voluptatem harum rerum enim consequatur. Minima quia non culpa in qui exercitationem et nostrum.', '1976-12-11 04:53:01');
INSERT INTO `messages` (`id`, `from_user_id`, `to_user_id`, `body`, `created_at`) VALUES ('37', '37', '37', 'Sit officiis at praesentium. Rerum ad aut et quam unde. Mollitia iste quidem aut nam non culpa. Nobis error nam nobis labore enim quo. Voluptates iusto aut facere totam ipsum aperiam cum.', '2011-03-10 21:14:24');
INSERT INTO `messages` (`id`, `from_user_id`, `to_user_id`, `body`, `created_at`) VALUES ('38', '38', '38', 'Ipsam ut maiores sint sunt dicta in. A vel et et et ipsa. Nam voluptas et harum dicta. Eos velit illo qui non autem eius officia. Sint architecto rerum distinctio ut sit earum.', '1996-09-11 22:34:41');
INSERT INTO `messages` (`id`, `from_user_id`, `to_user_id`, `body`, `created_at`) VALUES ('39', '39', '39', 'Ut magni nihil minus rerum. Consectetur aliquid cum sint non voluptas voluptate. Eum sed ipsam voluptatem sed blanditiis molestiae rerum.', '1979-10-19 20:26:49');
INSERT INTO `messages` (`id`, `from_user_id`, `to_user_id`, `body`, `created_at`) VALUES ('40', '40', '40', 'Laudantium molestias voluptates architecto illum culpa expedita. Officiis distinctio voluptas dolorem voluptatem sint vitae.', '2006-03-21 22:29:06');
INSERT INTO `messages` (`id`, `from_user_id`, `to_user_id`, `body`, `created_at`) VALUES ('41', '41', '41', 'Facere necessitatibus adipisci aliquam autem. Deserunt tempora eaque officia alias.', '1992-10-02 10:21:01');
INSERT INTO `messages` (`id`, `from_user_id`, `to_user_id`, `body`, `created_at`) VALUES ('42', '42', '42', 'Est recusandae exercitationem sit ab fuga ut ratione. Repellendus omnis quo alias nemo. Ab enim voluptates rerum.', '2002-09-02 06:53:56');
INSERT INTO `messages` (`id`, `from_user_id`, `to_user_id`, `body`, `created_at`) VALUES ('43', '43', '43', 'Voluptatem maxime error quam a tempora nam. Unde temporibus assumenda eius excepturi sit animi et sint.', '2002-04-02 23:23:39');
INSERT INTO `messages` (`id`, `from_user_id`, `to_user_id`, `body`, `created_at`) VALUES ('44', '44', '44', 'Pariatur odit eius repellendus. Enim laudantium maxime voluptates officia quam iusto non. Autem aut nisi eius dolore beatae.', '1983-06-26 16:13:14');
INSERT INTO `messages` (`id`, `from_user_id`, `to_user_id`, `body`, `created_at`) VALUES ('45', '45', '45', 'At reiciendis iusto sed nemo eveniet facere aut. Aut eos et sunt totam sed. Error in est et nemo.', '1974-10-25 14:16:53');
INSERT INTO `messages` (`id`, `from_user_id`, `to_user_id`, `body`, `created_at`) VALUES ('46', '46', '46', 'Iste rerum dolores itaque praesentium nobis eveniet eos. In aut odit vero aut. Sed sequi qui quaerat rem dolores sequi laboriosam. Nihil voluptatum dolore pariatur accusamus nihil dignissimos totam fugit.', '2013-08-25 21:10:02');
INSERT INTO `messages` (`id`, `from_user_id`, `to_user_id`, `body`, `created_at`) VALUES ('47', '47', '47', 'Ut rerum et itaque aut. Quaerat illo aperiam quaerat odio modi. Sed dolorem corporis illo eveniet laboriosam libero. Perspiciatis et sit ducimus et et rerum ducimus.', '1999-07-19 22:19:26');
INSERT INTO `messages` (`id`, `from_user_id`, `to_user_id`, `body`, `created_at`) VALUES ('48', '48', '48', 'Similique distinctio laborum dolorem asperiores. Sed qui in et est ut blanditiis. Molestiae voluptate amet ipsa animi sit rerum.', '1984-03-17 01:12:14');
INSERT INTO `messages` (`id`, `from_user_id`, `to_user_id`, `body`, `created_at`) VALUES ('49', '49', '49', 'Nemo illum blanditiis voluptatem cum alias deserunt consectetur. Similique eum consectetur et mollitia vel. Vitae iusto dolorum nesciunt sit fuga et optio placeat. Atque dolor occaecati ut voluptatum commodi nihil nostrum.', '1992-01-16 20:47:49');
INSERT INTO `messages` (`id`, `from_user_id`, `to_user_id`, `body`, `created_at`) VALUES ('50', '50', '50', 'Maxime atque illum voluptatem. Explicabo exercitationem impedit aspernatur est.', '1997-09-26 09:43:01');
INSERT INTO `messages` (`id`, `from_user_id`, `to_user_id`, `body`, `created_at`) VALUES ('51', '51', '51', 'Assumenda possimus quia facere laborum delectus beatae. Eligendi aperiam nostrum asperiores repellat. Quae nam odit quo quas quisquam quis est. Assumenda blanditiis facere aut doloremque repudiandae.', '1987-11-18 07:27:15');
INSERT INTO `messages` (`id`, `from_user_id`, `to_user_id`, `body`, `created_at`) VALUES ('52', '52', '52', 'Ut nobis autem vel debitis soluta cupiditate autem itaque. Et porro perferendis eos saepe. Earum nemo eaque sint beatae. Ipsa non odit ut in.', '1973-03-02 11:07:07');
INSERT INTO `messages` (`id`, `from_user_id`, `to_user_id`, `body`, `created_at`) VALUES ('53', '53', '53', 'Aut et iste asperiores iure qui repellendus eum. Quod alias eum molestiae iure nisi ex. Corrupti aut nulla necessitatibus cupiditate accusamus et qui. Dolorem incidunt quia quos modi facilis.', '1988-01-12 15:36:51');
INSERT INTO `messages` (`id`, `from_user_id`, `to_user_id`, `body`, `created_at`) VALUES ('54', '54', '54', 'Omnis eum beatae velit quia. Quis officia et aut omnis. Veniam eos voluptas tempora. Ipsa sit fuga tenetur et assumenda.', '2003-04-22 22:38:25');
INSERT INTO `messages` (`id`, `from_user_id`, `to_user_id`, `body`, `created_at`) VALUES ('55', '55', '55', 'Quia totam et dolorem et aut deleniti quia. Vel maxime est aut est rerum temporibus architecto. Commodi libero ratione deleniti ea. Sed sunt quam saepe necessitatibus.', '1997-11-08 20:36:45');
INSERT INTO `messages` (`id`, `from_user_id`, `to_user_id`, `body`, `created_at`) VALUES ('56', '56', '56', 'Est ipsa amet consequatur quaerat. Doloremque voluptatibus velit molestias magni. Ut accusantium eum animi eveniet ipsam non veniam est. Velit dolorem ab dolor officiis.', '1972-04-08 07:30:35');
INSERT INTO `messages` (`id`, `from_user_id`, `to_user_id`, `body`, `created_at`) VALUES ('57', '57', '57', 'Facilis est quis recusandae incidunt odio perferendis vitae. Soluta quia dolorem commodi pariatur sed repudiandae fugiat. Voluptatem corporis facilis impedit nemo tenetur at numquam. Tenetur culpa recusandae sint incidunt maxime. Libero explicabo sit ex ratione.', '1974-08-09 20:17:09');
INSERT INTO `messages` (`id`, `from_user_id`, `to_user_id`, `body`, `created_at`) VALUES ('58', '58', '58', 'Aperiam et ipsam in omnis. Quaerat non rerum consequatur officia. Consequatur similique fugiat quo in. Est enim deserunt voluptas saepe.', '1984-06-25 23:42:54');
INSERT INTO `messages` (`id`, `from_user_id`, `to_user_id`, `body`, `created_at`) VALUES ('59', '59', '59', 'Voluptatum quia sit est quo assumenda nisi modi. Ratione voluptas aut accusamus sequi eveniet numquam. Aut quo atque est ut reprehenderit nihil nam. Molestiae sit dolore perferendis et doloribus ullam.', '1979-01-17 10:35:47');
INSERT INTO `messages` (`id`, `from_user_id`, `to_user_id`, `body`, `created_at`) VALUES ('60', '60', '60', 'Eligendi porro sit et animi corrupti minus et. Magni sit cum unde ad qui. Nulla consequatur non aut blanditiis omnis iste.', '2000-04-19 18:41:23');
INSERT INTO `messages` (`id`, `from_user_id`, `to_user_id`, `body`, `created_at`) VALUES ('61', '61', '61', 'Magni explicabo molestiae quo necessitatibus sed tempora magni qui. Distinctio pariatur aspernatur voluptas laudantium molestias culpa. Ut adipisci sunt est cupiditate quod. Voluptatem nesciunt dicta minima quia voluptas. Nam sed repudiandae voluptas consectetur sit.', '2004-05-01 02:31:45');
INSERT INTO `messages` (`id`, `from_user_id`, `to_user_id`, `body`, `created_at`) VALUES ('62', '62', '62', 'Et voluptatem maxime est repellat facere esse. Hic nisi et voluptates beatae. Ullam maiores dolore et. Minima et doloremque dicta saepe est.', '2010-05-29 06:05:10');
INSERT INTO `messages` (`id`, `from_user_id`, `to_user_id`, `body`, `created_at`) VALUES ('63', '63', '63', 'Voluptas dolor deserunt autem minima ipsum. Non repellendus sunt illum odio dolorem et. Sed nulla est minus est. Sint nisi et omnis facere.', '2004-10-20 19:48:58');
INSERT INTO `messages` (`id`, `from_user_id`, `to_user_id`, `body`, `created_at`) VALUES ('64', '64', '64', 'Et voluptas eaque ut repudiandae temporibus id placeat nulla. Pariatur aut nihil iure. Veniam eius voluptas sunt commodi tempore officia.', '1974-06-13 19:32:44');
INSERT INTO `messages` (`id`, `from_user_id`, `to_user_id`, `body`, `created_at`) VALUES ('65', '65', '65', 'Molestias debitis sunt voluptas eveniet illo qui. Ducimus quia et ipsum explicabo dolorum sed quia. Velit possimus quas perspiciatis quia magnam qui. Sint id et voluptates doloremque.', '1981-10-09 03:08:41');
INSERT INTO `messages` (`id`, `from_user_id`, `to_user_id`, `body`, `created_at`) VALUES ('66', '66', '66', 'Asperiores rem nam quas voluptas et sequi sequi repellat. Ipsum voluptatibus sint dolorem. Nobis in ut maiores sed quo. Et sint dignissimos sit et.', '2008-09-22 14:50:31');
INSERT INTO `messages` (`id`, `from_user_id`, `to_user_id`, `body`, `created_at`) VALUES ('67', '67', '67', 'Inventore culpa earum quo consequatur necessitatibus. Nihil porro atque dignissimos voluptatem.', '2018-12-29 01:41:09');
INSERT INTO `messages` (`id`, `from_user_id`, `to_user_id`, `body`, `created_at`) VALUES ('68', '68', '68', 'Et porro aliquam et voluptates laboriosam nobis et repellendus. Cum quia possimus et sed ipsum doloremque saepe. Iusto dolore soluta sapiente velit. Consequatur ipsam esse vitae illum architecto repellendus alias est.', '1977-08-01 09:30:29');
INSERT INTO `messages` (`id`, `from_user_id`, `to_user_id`, `body`, `created_at`) VALUES ('69', '69', '69', 'Ut sed molestias consequatur. Quaerat quasi asperiores ipsam quis. Sit placeat dolor itaque facilis sunt distinctio. Blanditiis enim ut fugit repudiandae repudiandae quo.', '1992-05-22 07:23:02');
INSERT INTO `messages` (`id`, `from_user_id`, `to_user_id`, `body`, `created_at`) VALUES ('70', '70', '70', 'Voluptates ut et aut laboriosam. Nisi error aliquid labore. Soluta ut sed illo qui voluptatibus. Quo dolore vel blanditiis beatae ut corrupti ullam.', '1982-03-12 12:08:31');
INSERT INTO `messages` (`id`, `from_user_id`, `to_user_id`, `body`, `created_at`) VALUES ('71', '71', '71', 'Quia occaecati explicabo sit atque reiciendis accusantium. Asperiores laboriosam explicabo nihil laborum voluptatem. Rerum nihil excepturi consequuntur possimus molestiae officia. Placeat repudiandae consequatur quas eum accusantium fuga.', '2011-01-28 03:38:22');
INSERT INTO `messages` (`id`, `from_user_id`, `to_user_id`, `body`, `created_at`) VALUES ('72', '72', '72', 'Vero voluptatem et corrupti aut id. Quaerat placeat quasi et voluptatum. Velit ut necessitatibus rerum. Nihil sit itaque consectetur dolorum possimus libero.', '1986-11-21 08:46:27');
INSERT INTO `messages` (`id`, `from_user_id`, `to_user_id`, `body`, `created_at`) VALUES ('73', '73', '73', 'Eum iure dolorem velit iusto voluptatem voluptas qui. Enim laboriosam aliquid commodi aliquid. Illo quam quos eum aliquid aut doloremque rem. Necessitatibus nostrum commodi alias.', '2009-12-14 01:36:27');
INSERT INTO `messages` (`id`, `from_user_id`, `to_user_id`, `body`, `created_at`) VALUES ('74', '74', '74', 'Quibusdam necessitatibus pariatur vero repellat qui perferendis consequuntur. Quia quia ullam et.', '2008-03-23 04:46:47');
INSERT INTO `messages` (`id`, `from_user_id`, `to_user_id`, `body`, `created_at`) VALUES ('75', '75', '75', 'Facere animi quam est magni id sunt. Velit a exercitationem natus quasi quia. Reprehenderit corporis sed et.', '1990-12-30 15:20:06');
INSERT INTO `messages` (`id`, `from_user_id`, `to_user_id`, `body`, `created_at`) VALUES ('76', '76', '76', 'Asperiores sint eius autem sed sunt nesciunt ducimus. Rerum architecto eum voluptate qui similique ullam. Veniam repellendus blanditiis culpa odit est ea. Id nobis ea mollitia inventore quibusdam.', '1990-09-09 22:03:17');
INSERT INTO `messages` (`id`, `from_user_id`, `to_user_id`, `body`, `created_at`) VALUES ('77', '77', '77', 'Repellendus tempore in beatae veniam molestiae ratione enim. Est aspernatur qui qui alias. Ex voluptas et magni natus. Necessitatibus omnis consectetur deserunt quisquam numquam doloremque. Totam consequatur soluta at dolore facere sit.', '1972-01-17 20:47:41');
INSERT INTO `messages` (`id`, `from_user_id`, `to_user_id`, `body`, `created_at`) VALUES ('78', '78', '78', 'Quia consequatur debitis est quae et. Veritatis sit deleniti eaque et odio.', '1983-05-22 10:09:38');
INSERT INTO `messages` (`id`, `from_user_id`, `to_user_id`, `body`, `created_at`) VALUES ('79', '79', '79', 'Occaecati cupiditate excepturi aut facere saepe nostrum. Molestiae alias ratione itaque delectus. In quis quia illum magnam iusto accusamus nisi. Quo excepturi nam voluptas maxime.', '1996-04-09 13:43:27');
INSERT INTO `messages` (`id`, `from_user_id`, `to_user_id`, `body`, `created_at`) VALUES ('80', '80', '80', 'Nihil architecto quo aliquid et non fuga in. Sit occaecati ea et tempora temporibus recusandae. Labore quod sunt hic qui. Ex sit sit tempore quo occaecati veritatis.', '1988-07-22 21:49:49');
INSERT INTO `messages` (`id`, `from_user_id`, `to_user_id`, `body`, `created_at`) VALUES ('81', '81', '81', 'Corrupti ea totam occaecati. Quia suscipit consectetur nostrum sunt exercitationem. Et dignissimos sit quisquam consequatur vel. Illum qui minus nihil rerum.', '1977-07-20 06:33:21');
INSERT INTO `messages` (`id`, `from_user_id`, `to_user_id`, `body`, `created_at`) VALUES ('82', '82', '82', 'Consequuntur et rerum aut corrupti consequatur. Ducimus earum veniam quisquam ea facilis. Voluptatem maxime perspiciatis quidem laboriosam amet.', '1970-11-24 04:55:46');
INSERT INTO `messages` (`id`, `from_user_id`, `to_user_id`, `body`, `created_at`) VALUES ('83', '83', '83', 'Sit temporibus optio veniam a vero consectetur exercitationem aut. Perferendis eius aspernatur dignissimos labore necessitatibus. Velit pariatur laboriosam quis assumenda voluptatibus. Ut rerum doloribus eius aspernatur fugiat dolor nihil.', '2003-12-01 21:14:46');
INSERT INTO `messages` (`id`, `from_user_id`, `to_user_id`, `body`, `created_at`) VALUES ('84', '84', '84', 'In ullam eius laborum. Ut et et ut neque quasi ut perferendis saepe. Aut quam omnis ratione voluptatem eos totam in. Id quod veritatis aut et at.', '2003-08-30 03:35:45');
INSERT INTO `messages` (`id`, `from_user_id`, `to_user_id`, `body`, `created_at`) VALUES ('85', '85', '85', 'Ut non esse consectetur et labore cupiditate. Dolores sed qui nam ullam optio laborum rerum. Dolor sequi repellendus magni alias.', '1980-04-28 00:27:49');
INSERT INTO `messages` (`id`, `from_user_id`, `to_user_id`, `body`, `created_at`) VALUES ('86', '86', '86', 'Magnam aut et et. Ratione et debitis optio rerum. Quisquam nulla veniam nemo ratione culpa hic. Non quod velit eligendi accusantium ipsa quo.', '2008-04-13 08:06:13');
INSERT INTO `messages` (`id`, `from_user_id`, `to_user_id`, `body`, `created_at`) VALUES ('87', '87', '87', 'Doloremque quisquam vitae voluptatem eligendi modi eius cupiditate. In sunt quo quisquam porro odit harum. Et accusantium beatae ullam labore id sit at. Nihil distinctio ea hic tenetur in perferendis voluptatem voluptatem. Sed nulla sit eos consequatur enim.', '1971-10-28 20:43:54');
INSERT INTO `messages` (`id`, `from_user_id`, `to_user_id`, `body`, `created_at`) VALUES ('88', '88', '88', 'Quis et facere ut eos commodi facilis. Aliquam sed sed id in et quos. Esse debitis quas doloribus nihil nihil possimus aspernatur. Corrupti et tenetur excepturi doloremque.', '1990-06-07 16:16:55');
INSERT INTO `messages` (`id`, `from_user_id`, `to_user_id`, `body`, `created_at`) VALUES ('89', '89', '89', 'Dignissimos officiis dolores perferendis ad perspiciatis eligendi dolor aut. Magni aut consectetur hic officiis voluptatibus. Repellendus amet a sed nihil ab. Quis officia dignissimos ut iure et.', '2019-12-19 04:19:20');
INSERT INTO `messages` (`id`, `from_user_id`, `to_user_id`, `body`, `created_at`) VALUES ('90', '90', '90', 'Fuga et quia eum non quam. Eligendi molestias molestias ea rem. Nesciunt minima recusandae sed ab qui. Incidunt et ducimus doloremque deserunt quia rerum.', '1977-10-11 14:33:45');
INSERT INTO `messages` (`id`, `from_user_id`, `to_user_id`, `body`, `created_at`) VALUES ('91', '91', '91', 'Quidem aut ipsa rerum occaecati laboriosam. Officiis et harum et molestiae. Optio rerum ea necessitatibus et quo nam.', '2011-12-31 02:30:13');
INSERT INTO `messages` (`id`, `from_user_id`, `to_user_id`, `body`, `created_at`) VALUES ('92', '92', '92', 'Voluptatem rerum consequatur expedita voluptates velit velit sequi. Quia similique veritatis reiciendis placeat cupiditate est. Unde officia magni similique ut facere mollitia. Velit consequuntur qui atque consectetur at.', '1982-06-14 01:49:23');
INSERT INTO `messages` (`id`, `from_user_id`, `to_user_id`, `body`, `created_at`) VALUES ('93', '93', '93', 'Necessitatibus voluptatem blanditiis sunt. Velit earum nesciunt ea aliquid aut. Rerum cupiditate non et.', '1972-08-18 07:57:48');
INSERT INTO `messages` (`id`, `from_user_id`, `to_user_id`, `body`, `created_at`) VALUES ('94', '94', '94', 'Et eligendi sed impedit laudantium. Molestiae neque illum excepturi ut. Voluptatem illum quia quis aliquam culpa. Voluptatibus id odio ut eos et tempora odio est.', '2001-10-03 14:39:42');
INSERT INTO `messages` (`id`, `from_user_id`, `to_user_id`, `body`, `created_at`) VALUES ('95', '95', '95', 'Molestias est eum cupiditate et. Dolorem exercitationem minus eaque et reprehenderit tenetur. Quis maxime cupiditate nihil sit deleniti aspernatur nobis.', '2006-02-23 09:50:20');
INSERT INTO `messages` (`id`, `from_user_id`, `to_user_id`, `body`, `created_at`) VALUES ('96', '96', '96', 'Est quo ut ipsum repellendus enim quo amet cumque. Commodi necessitatibus exercitationem labore voluptatem quo voluptate. Quis delectus est beatae qui neque et.', '1999-03-15 10:21:02');
INSERT INTO `messages` (`id`, `from_user_id`, `to_user_id`, `body`, `created_at`) VALUES ('97', '97', '97', 'Eos magnam aut incidunt commodi provident sed. Quia molestias mollitia dicta asperiores qui. Repudiandae temporibus aut inventore consequatur magni ipsa fuga in. Ad ut ipsam est sed nemo ea.', '1975-06-09 17:13:59');
INSERT INTO `messages` (`id`, `from_user_id`, `to_user_id`, `body`, `created_at`) VALUES ('98', '98', '98', 'Temporibus blanditiis doloribus atque saepe reprehenderit consequuntur. Odio rerum hic quod et laboriosam. Modi aperiam tempore impedit nihil temporibus asperiores itaque. Voluptas perspiciatis eum et. Reiciendis dolor vel ducimus doloribus.', '1976-11-06 22:28:19');
INSERT INTO `messages` (`id`, `from_user_id`, `to_user_id`, `body`, `created_at`) VALUES ('99', '99', '99', 'Quibusdam porro commodi consequuntur quibusdam animi. Aut voluptatem aut nulla culpa. Aut nemo animi suscipit laborum deleniti id.', '2014-03-21 16:32:24');
INSERT INTO `messages` (`id`, `from_user_id`, `to_user_id`, `body`, `created_at`) VALUES ('100', '100', '100', 'Ab eligendi incidunt quidem quas quia aperiam illum. Laborum voluptas ut sit. Recusandae in incidunt vel ex.', '2008-08-25 02:30:09');

#
# TABLE STRUCTURE FOR: friend_requests
#

DROP TABLE IF EXISTS `friend_requests`;

CREATE TABLE `friend_requests` (
  `initiator_user_id` bigint(20) unsigned NOT NULL,
  `target_user_id` bigint(20) unsigned NOT NULL,
  `status` enum('requested','approved','unfriended','declined') COLLATE utf8_unicode_ci DEFAULT NULL,
  `requested_at` datetime DEFAULT current_timestamp(),
  `confirmed_at` datetime DEFAULT NULL,
  PRIMARY KEY (`initiator_user_id`,`target_user_id`),
  KEY `initiator_user_id` (`initiator_user_id`),
  KEY `target_user_id` (`target_user_id`),
  CONSTRAINT `friend_requests_ibfk_1` FOREIGN KEY (`initiator_user_id`) REFERENCES `users` (`id`),
  CONSTRAINT `friend_requests_ibfk_2` FOREIGN KEY (`target_user_id`) REFERENCES `users` (`id`)
) ENGINE=InnoDB DEFAULT CHARSET=utf8 COLLATE=utf8_unicode_ci;

INSERT INTO `friend_requests` (`initiator_user_id`, `target_user_id`, `status`, `requested_at`, `confirmed_at`) VALUES ('1', '1', 'approved', '1988-02-14 23:15:29', '2014-03-31 05:15:33');
INSERT INTO `friend_requests` (`initiator_user_id`, `target_user_id`, `status`, `requested_at`, `confirmed_at`) VALUES ('2', '2', 'declined', '1996-10-25 17:59:26', '1998-11-09 08:54:31');
INSERT INTO `friend_requests` (`initiator_user_id`, `target_user_id`, `status`, `requested_at`, `confirmed_at`) VALUES ('3', '3', 'approved', '1986-12-29 10:27:18', '2002-09-30 22:20:28');
INSERT INTO `friend_requests` (`initiator_user_id`, `target_user_id`, `status`, `requested_at`, `confirmed_at`) VALUES ('4', '4', 'declined', '1973-03-29 09:41:36', '1974-07-27 15:32:16');
INSERT INTO `friend_requests` (`initiator_user_id`, `target_user_id`, `status`, `requested_at`, `confirmed_at`) VALUES ('5', '5', 'requested', '2012-07-11 10:14:25', '1976-05-30 20:18:51');
INSERT INTO `friend_requests` (`initiator_user_id`, `target_user_id`, `status`, `requested_at`, `confirmed_at`) VALUES ('6', '6', 'requested', '1993-11-21 00:22:23', '1974-07-12 10:50:31');
INSERT INTO `friend_requests` (`initiator_user_id`, `target_user_id`, `status`, `requested_at`, `confirmed_at`) VALUES ('7', '7', 'requested', '1981-05-30 05:30:23', '1980-02-14 18:35:06');
INSERT INTO `friend_requests` (`initiator_user_id`, `target_user_id`, `status`, `requested_at`, `confirmed_at`) VALUES ('8', '8', 'requested', '1993-01-14 23:15:40', '2002-07-14 14:09:34');
INSERT INTO `friend_requests` (`initiator_user_id`, `target_user_id`, `status`, `requested_at`, `confirmed_at`) VALUES ('9', '9', 'requested', '1979-12-08 14:44:46', '1989-03-17 23:34:35');
INSERT INTO `friend_requests` (`initiator_user_id`, `target_user_id`, `status`, `requested_at`, `confirmed_at`) VALUES ('10', '10', 'unfriended', '2007-11-27 00:50:00', '1991-04-17 16:04:24');
INSERT INTO `friend_requests` (`initiator_user_id`, `target_user_id`, `status`, `requested_at`, `confirmed_at`) VALUES ('11', '11', 'approved', '1992-09-08 12:35:58', '1974-08-22 01:21:45');
INSERT INTO `friend_requests` (`initiator_user_id`, `target_user_id`, `status`, `requested_at`, `confirmed_at`) VALUES ('12', '12', 'unfriended', '1974-07-31 17:01:22', '1971-08-04 06:33:54');
INSERT INTO `friend_requests` (`initiator_user_id`, `target_user_id`, `status`, `requested_at`, `confirmed_at`) VALUES ('13', '13', 'declined', '2014-02-11 20:26:32', '1994-04-03 11:26:16');
INSERT INTO `friend_requests` (`initiator_user_id`, `target_user_id`, `status`, `requested_at`, `confirmed_at`) VALUES ('14', '14', 'approved', '1971-11-20 17:09:00', '2011-09-20 00:29:40');
INSERT INTO `friend_requests` (`initiator_user_id`, `target_user_id`, `status`, `requested_at`, `confirmed_at`) VALUES ('15', '15', 'requested', '1979-01-13 03:37:42', '1984-09-19 04:41:47');
INSERT INTO `friend_requests` (`initiator_user_id`, `target_user_id`, `status`, `requested_at`, `confirmed_at`) VALUES ('16', '16', 'requested', '1984-06-03 01:07:57', '2005-12-17 02:15:52');
INSERT INTO `friend_requests` (`initiator_user_id`, `target_user_id`, `status`, `requested_at`, `confirmed_at`) VALUES ('17', '17', 'approved', '1985-05-03 15:46:03', '2009-06-04 01:22:16');
INSERT INTO `friend_requests` (`initiator_user_id`, `target_user_id`, `status`, `requested_at`, `confirmed_at`) VALUES ('18', '18', 'unfriended', '2011-06-09 02:59:39', '1975-04-29 01:53:30');
INSERT INTO `friend_requests` (`initiator_user_id`, `target_user_id`, `status`, `requested_at`, `confirmed_at`) VALUES ('19', '19', 'requested', '2004-12-20 15:37:53', '2015-12-23 01:11:30');
INSERT INTO `friend_requests` (`initiator_user_id`, `target_user_id`, `status`, `requested_at`, `confirmed_at`) VALUES ('20', '20', 'requested', '2017-01-10 02:33:18', '1979-05-31 22:51:34');
INSERT INTO `friend_requests` (`initiator_user_id`, `target_user_id`, `status`, `requested_at`, `confirmed_at`) VALUES ('21', '21', 'declined', '2001-05-03 10:21:11', '2003-01-16 18:31:25');
INSERT INTO `friend_requests` (`initiator_user_id`, `target_user_id`, `status`, `requested_at`, `confirmed_at`) VALUES ('22', '22', 'approved', '1970-10-18 05:37:12', '2012-01-22 13:37:12');
INSERT INTO `friend_requests` (`initiator_user_id`, `target_user_id`, `status`, `requested_at`, `confirmed_at`) VALUES ('23', '23', 'unfriended', '1988-04-21 18:30:13', '2000-08-03 12:18:41');
INSERT INTO `friend_requests` (`initiator_user_id`, `target_user_id`, `status`, `requested_at`, `confirmed_at`) VALUES ('24', '24', 'approved', '2019-05-14 23:45:46', '1986-02-01 11:07:03');
INSERT INTO `friend_requests` (`initiator_user_id`, `target_user_id`, `status`, `requested_at`, `confirmed_at`) VALUES ('25', '25', 'approved', '1995-01-18 23:48:09', '2017-10-13 21:57:05');
INSERT INTO `friend_requests` (`initiator_user_id`, `target_user_id`, `status`, `requested_at`, `confirmed_at`) VALUES ('26', '26', 'unfriended', '1974-12-23 22:22:13', '1987-11-14 18:31:45');
INSERT INTO `friend_requests` (`initiator_user_id`, `target_user_id`, `status`, `requested_at`, `confirmed_at`) VALUES ('27', '27', 'unfriended', '1994-10-29 06:09:00', '2000-08-17 19:35:51');
INSERT INTO `friend_requests` (`initiator_user_id`, `target_user_id`, `status`, `requested_at`, `confirmed_at`) VALUES ('28', '28', 'unfriended', '2018-05-06 11:42:22', '2005-05-21 13:41:12');
INSERT INTO `friend_requests` (`initiator_user_id`, `target_user_id`, `status`, `requested_at`, `confirmed_at`) VALUES ('29', '29', 'approved', '2004-08-28 18:25:26', '1989-03-20 21:59:38');
INSERT INTO `friend_requests` (`initiator_user_id`, `target_user_id`, `status`, `requested_at`, `confirmed_at`) VALUES ('30', '30', 'approved', '1999-01-19 01:41:30', '1996-04-29 23:39:34');
INSERT INTO `friend_requests` (`initiator_user_id`, `target_user_id`, `status`, `requested_at`, `confirmed_at`) VALUES ('31', '31', 'approved', '1999-08-14 06:53:06', '1977-05-09 23:38:37');
INSERT INTO `friend_requests` (`initiator_user_id`, `target_user_id`, `status`, `requested_at`, `confirmed_at`) VALUES ('32', '32', 'declined', '2017-03-20 09:46:10', '2014-03-06 15:35:07');
INSERT INTO `friend_requests` (`initiator_user_id`, `target_user_id`, `status`, `requested_at`, `confirmed_at`) VALUES ('33', '33', 'requested', '1977-05-16 18:09:00', '1972-01-06 01:35:32');
INSERT INTO `friend_requests` (`initiator_user_id`, `target_user_id`, `status`, `requested_at`, `confirmed_at`) VALUES ('34', '34', 'requested', '2018-03-16 20:32:20', '1993-06-19 22:25:52');
INSERT INTO `friend_requests` (`initiator_user_id`, `target_user_id`, `status`, `requested_at`, `confirmed_at`) VALUES ('35', '35', 'requested', '1999-05-25 17:30:32', '1979-04-13 12:07:20');
INSERT INTO `friend_requests` (`initiator_user_id`, `target_user_id`, `status`, `requested_at`, `confirmed_at`) VALUES ('36', '36', 'requested', '1979-03-03 07:32:41', '2014-08-28 15:47:47');
INSERT INTO `friend_requests` (`initiator_user_id`, `target_user_id`, `status`, `requested_at`, `confirmed_at`) VALUES ('37', '37', 'declined', '2010-10-14 11:11:55', '1975-11-18 04:01:21');
INSERT INTO `friend_requests` (`initiator_user_id`, `target_user_id`, `status`, `requested_at`, `confirmed_at`) VALUES ('38', '38', 'requested', '1980-02-24 15:08:32', '2019-05-19 07:42:17');
INSERT INTO `friend_requests` (`initiator_user_id`, `target_user_id`, `status`, `requested_at`, `confirmed_at`) VALUES ('39', '39', 'requested', '2003-06-11 04:08:01', '2011-05-23 19:10:30');
INSERT INTO `friend_requests` (`initiator_user_id`, `target_user_id`, `status`, `requested_at`, `confirmed_at`) VALUES ('40', '40', 'unfriended', '2004-02-12 15:30:35', '1979-04-07 07:07:22');
INSERT INTO `friend_requests` (`initiator_user_id`, `target_user_id`, `status`, `requested_at`, `confirmed_at`) VALUES ('41', '41', 'approved', '2018-08-09 21:56:04', '1988-07-18 01:19:52');
INSERT INTO `friend_requests` (`initiator_user_id`, `target_user_id`, `status`, `requested_at`, `confirmed_at`) VALUES ('42', '42', 'approved', '1979-08-02 14:04:12', '2004-05-08 14:08:15');
INSERT INTO `friend_requests` (`initiator_user_id`, `target_user_id`, `status`, `requested_at`, `confirmed_at`) VALUES ('43', '43', 'declined', '2018-02-07 16:25:16', '2005-12-31 13:56:12');
INSERT INTO `friend_requests` (`initiator_user_id`, `target_user_id`, `status`, `requested_at`, `confirmed_at`) VALUES ('44', '44', 'unfriended', '1985-02-09 11:18:15', '2000-02-24 13:37:54');
INSERT INTO `friend_requests` (`initiator_user_id`, `target_user_id`, `status`, `requested_at`, `confirmed_at`) VALUES ('45', '45', 'declined', '1977-04-21 05:07:11', '2009-04-22 15:41:42');
INSERT INTO `friend_requests` (`initiator_user_id`, `target_user_id`, `status`, `requested_at`, `confirmed_at`) VALUES ('46', '46', 'unfriended', '1970-03-22 09:48:43', '1998-08-11 21:51:26');
INSERT INTO `friend_requests` (`initiator_user_id`, `target_user_id`, `status`, `requested_at`, `confirmed_at`) VALUES ('47', '47', 'approved', '1975-05-20 07:29:30', '2010-05-05 11:31:47');
INSERT INTO `friend_requests` (`initiator_user_id`, `target_user_id`, `status`, `requested_at`, `confirmed_at`) VALUES ('48', '48', 'requested', '1986-12-27 11:25:37', '1984-03-01 04:17:33');
INSERT INTO `friend_requests` (`initiator_user_id`, `target_user_id`, `status`, `requested_at`, `confirmed_at`) VALUES ('49', '49', 'unfriended', '1992-11-18 21:06:10', '2008-07-17 11:02:05');
INSERT INTO `friend_requests` (`initiator_user_id`, `target_user_id`, `status`, `requested_at`, `confirmed_at`) VALUES ('50', '50', 'requested', '2002-02-26 21:32:07', '2018-11-25 17:40:15');
INSERT INTO `friend_requests` (`initiator_user_id`, `target_user_id`, `status`, `requested_at`, `confirmed_at`) VALUES ('51', '51', 'declined', '1972-04-22 11:18:04', '1971-05-26 17:10:58');
INSERT INTO `friend_requests` (`initiator_user_id`, `target_user_id`, `status`, `requested_at`, `confirmed_at`) VALUES ('52', '52', 'approved', '1999-04-28 12:42:06', '1979-02-24 01:41:54');
INSERT INTO `friend_requests` (`initiator_user_id`, `target_user_id`, `status`, `requested_at`, `confirmed_at`) VALUES ('53', '53', 'unfriended', '2007-08-19 04:12:38', '1985-12-19 01:43:01');
INSERT INTO `friend_requests` (`initiator_user_id`, `target_user_id`, `status`, `requested_at`, `confirmed_at`) VALUES ('54', '54', 'approved', '1971-04-11 08:19:38', '1994-06-28 08:51:36');
INSERT INTO `friend_requests` (`initiator_user_id`, `target_user_id`, `status`, `requested_at`, `confirmed_at`) VALUES ('55', '55', 'approved', '1979-01-08 16:54:42', '2008-12-12 04:44:58');
INSERT INTO `friend_requests` (`initiator_user_id`, `target_user_id`, `status`, `requested_at`, `confirmed_at`) VALUES ('56', '56', 'unfriended', '1972-08-03 15:11:59', '1989-05-09 17:01:59');
INSERT INTO `friend_requests` (`initiator_user_id`, `target_user_id`, `status`, `requested_at`, `confirmed_at`) VALUES ('57', '57', 'requested', '2009-06-16 04:30:48', '2001-11-08 20:37:22');
INSERT INTO `friend_requests` (`initiator_user_id`, `target_user_id`, `status`, `requested_at`, `confirmed_at`) VALUES ('58', '58', 'requested', '1985-06-28 19:57:16', '1996-12-07 01:13:26');
INSERT INTO `friend_requests` (`initiator_user_id`, `target_user_id`, `status`, `requested_at`, `confirmed_at`) VALUES ('59', '59', 'requested', '2000-11-23 13:53:13', '1985-10-04 12:02:45');
INSERT INTO `friend_requests` (`initiator_user_id`, `target_user_id`, `status`, `requested_at`, `confirmed_at`) VALUES ('60', '60', 'requested', '1995-03-19 14:34:32', '1975-11-11 05:05:11');
INSERT INTO `friend_requests` (`initiator_user_id`, `target_user_id`, `status`, `requested_at`, `confirmed_at`) VALUES ('61', '61', 'unfriended', '1973-12-14 20:27:38', '2006-11-20 00:07:13');
INSERT INTO `friend_requests` (`initiator_user_id`, `target_user_id`, `status`, `requested_at`, `confirmed_at`) VALUES ('62', '62', 'declined', '1971-03-01 16:24:52', '1973-10-02 19:40:17');
INSERT INTO `friend_requests` (`initiator_user_id`, `target_user_id`, `status`, `requested_at`, `confirmed_at`) VALUES ('63', '63', 'approved', '1990-07-26 13:22:34', '1993-06-11 07:34:51');
INSERT INTO `friend_requests` (`initiator_user_id`, `target_user_id`, `status`, `requested_at`, `confirmed_at`) VALUES ('64', '64', 'approved', '1995-10-13 01:21:06', '2015-07-10 20:45:22');
INSERT INTO `friend_requests` (`initiator_user_id`, `target_user_id`, `status`, `requested_at`, `confirmed_at`) VALUES ('65', '65', 'approved', '2009-04-12 17:10:27', '2017-01-18 00:21:10');
INSERT INTO `friend_requests` (`initiator_user_id`, `target_user_id`, `status`, `requested_at`, `confirmed_at`) VALUES ('66', '66', 'requested', '1977-06-07 13:44:24', '1991-12-14 20:53:34');
INSERT INTO `friend_requests` (`initiator_user_id`, `target_user_id`, `status`, `requested_at`, `confirmed_at`) VALUES ('67', '67', 'declined', '1986-08-21 06:56:18', '2003-11-28 06:03:43');
INSERT INTO `friend_requests` (`initiator_user_id`, `target_user_id`, `status`, `requested_at`, `confirmed_at`) VALUES ('68', '68', 'declined', '1977-09-19 19:26:26', '2000-11-04 15:31:26');
INSERT INTO `friend_requests` (`initiator_user_id`, `target_user_id`, `status`, `requested_at`, `confirmed_at`) VALUES ('69', '69', 'unfriended', '1995-07-25 01:01:46', '1976-01-14 13:29:09');
INSERT INTO `friend_requests` (`initiator_user_id`, `target_user_id`, `status`, `requested_at`, `confirmed_at`) VALUES ('70', '70', 'approved', '2003-01-26 20:46:05', '1977-11-29 11:48:56');
INSERT INTO `friend_requests` (`initiator_user_id`, `target_user_id`, `status`, `requested_at`, `confirmed_at`) VALUES ('71', '71', 'requested', '1971-10-02 08:28:51', '2012-01-23 00:37:07');
INSERT INTO `friend_requests` (`initiator_user_id`, `target_user_id`, `status`, `requested_at`, `confirmed_at`) VALUES ('72', '72', 'unfriended', '1975-07-23 12:09:51', '1976-04-21 03:22:37');
INSERT INTO `friend_requests` (`initiator_user_id`, `target_user_id`, `status`, `requested_at`, `confirmed_at`) VALUES ('73', '73', 'declined', '2017-07-03 20:18:15', '1994-07-06 22:26:31');
INSERT INTO `friend_requests` (`initiator_user_id`, `target_user_id`, `status`, `requested_at`, `confirmed_at`) VALUES ('74', '74', 'approved', '1970-07-31 14:23:55', '1982-02-07 14:30:05');
INSERT INTO `friend_requests` (`initiator_user_id`, `target_user_id`, `status`, `requested_at`, `confirmed_at`) VALUES ('75', '75', 'requested', '2013-10-06 01:53:11', '2015-12-19 13:58:15');
INSERT INTO `friend_requests` (`initiator_user_id`, `target_user_id`, `status`, `requested_at`, `confirmed_at`) VALUES ('76', '76', 'requested', '2001-04-14 01:44:52', '1990-10-24 15:17:29');
INSERT INTO `friend_requests` (`initiator_user_id`, `target_user_id`, `status`, `requested_at`, `confirmed_at`) VALUES ('77', '77', 'declined', '1988-01-04 08:18:49', '1996-01-13 20:34:59');
INSERT INTO `friend_requests` (`initiator_user_id`, `target_user_id`, `status`, `requested_at`, `confirmed_at`) VALUES ('78', '78', 'unfriended', '1971-07-08 12:30:41', '1993-07-06 07:36:44');
INSERT INTO `friend_requests` (`initiator_user_id`, `target_user_id`, `status`, `requested_at`, `confirmed_at`) VALUES ('79', '79', 'unfriended', '1992-12-06 01:17:38', '1987-01-19 06:36:18');
INSERT INTO `friend_requests` (`initiator_user_id`, `target_user_id`, `status`, `requested_at`, `confirmed_at`) VALUES ('80', '80', 'declined', '2003-06-22 14:26:16', '2010-08-01 19:39:08');
INSERT INTO `friend_requests` (`initiator_user_id`, `target_user_id`, `status`, `requested_at`, `confirmed_at`) VALUES ('81', '81', 'approved', '2002-08-14 14:48:10', '2015-02-10 01:43:28');
INSERT INTO `friend_requests` (`initiator_user_id`, `target_user_id`, `status`, `requested_at`, `confirmed_at`) VALUES ('82', '82', 'unfriended', '1992-09-02 17:29:22', '1990-12-28 03:49:29');
INSERT INTO `friend_requests` (`initiator_user_id`, `target_user_id`, `status`, `requested_at`, `confirmed_at`) VALUES ('83', '83', 'requested', '2004-12-02 20:12:36', '2018-08-09 19:21:41');
INSERT INTO `friend_requests` (`initiator_user_id`, `target_user_id`, `status`, `requested_at`, `confirmed_at`) VALUES ('84', '84', 'approved', '1983-09-15 01:04:07', '2005-06-17 15:32:29');
INSERT INTO `friend_requests` (`initiator_user_id`, `target_user_id`, `status`, `requested_at`, `confirmed_at`) VALUES ('85', '85', 'unfriended', '2008-03-08 05:38:31', '1970-02-05 14:59:06');
INSERT INTO `friend_requests` (`initiator_user_id`, `target_user_id`, `status`, `requested_at`, `confirmed_at`) VALUES ('86', '86', 'approved', '2015-05-07 12:18:34', '1997-12-26 21:57:22');
INSERT INTO `friend_requests` (`initiator_user_id`, `target_user_id`, `status`, `requested_at`, `confirmed_at`) VALUES ('87', '87', 'unfriended', '2002-01-21 13:31:21', '2017-06-19 19:21:46');
INSERT INTO `friend_requests` (`initiator_user_id`, `target_user_id`, `status`, `requested_at`, `confirmed_at`) VALUES ('88', '88', 'requested', '1972-11-19 16:31:29', '2015-08-22 14:37:11');
INSERT INTO `friend_requests` (`initiator_user_id`, `target_user_id`, `status`, `requested_at`, `confirmed_at`) VALUES ('89', '89', 'unfriended', '2007-03-11 19:58:37', '2015-05-01 10:44:37');
INSERT INTO `friend_requests` (`initiator_user_id`, `target_user_id`, `status`, `requested_at`, `confirmed_at`) VALUES ('90', '90', 'approved', '1972-01-19 07:09:02', '1996-08-09 05:47:02');
INSERT INTO `friend_requests` (`initiator_user_id`, `target_user_id`, `status`, `requested_at`, `confirmed_at`) VALUES ('91', '91', 'unfriended', '1977-04-18 21:32:24', '2009-01-22 00:34:28');
INSERT INTO `friend_requests` (`initiator_user_id`, `target_user_id`, `status`, `requested_at`, `confirmed_at`) VALUES ('92', '92', 'requested', '2000-06-18 07:29:04', '1979-03-09 22:11:58');
INSERT INTO `friend_requests` (`initiator_user_id`, `target_user_id`, `status`, `requested_at`, `confirmed_at`) VALUES ('93', '93', 'approved', '2019-04-14 18:35:49', '1973-04-10 17:48:30');
INSERT INTO `friend_requests` (`initiator_user_id`, `target_user_id`, `status`, `requested_at`, `confirmed_at`) VALUES ('94', '94', 'declined', '1987-03-09 14:15:49', '1984-12-17 16:16:32');
INSERT INTO `friend_requests` (`initiator_user_id`, `target_user_id`, `status`, `requested_at`, `confirmed_at`) VALUES ('95', '95', 'requested', '2008-02-21 14:40:20', '2017-06-02 16:41:08');
INSERT INTO `friend_requests` (`initiator_user_id`, `target_user_id`, `status`, `requested_at`, `confirmed_at`) VALUES ('96', '96', 'declined', '1990-01-22 10:21:04', '1972-02-25 02:19:57');
INSERT INTO `friend_requests` (`initiator_user_id`, `target_user_id`, `status`, `requested_at`, `confirmed_at`) VALUES ('97', '97', 'approved', '2007-03-19 21:12:06', '1977-05-08 04:19:42');
INSERT INTO `friend_requests` (`initiator_user_id`, `target_user_id`, `status`, `requested_at`, `confirmed_at`) VALUES ('98', '98', 'approved', '2016-01-21 20:29:55', '2000-12-20 21:51:19');
INSERT INTO `friend_requests` (`initiator_user_id`, `target_user_id`, `status`, `requested_at`, `confirmed_at`) VALUES ('99', '99', 'approved', '2014-07-30 18:22:05', '1983-06-24 11:28:26');
INSERT INTO `friend_requests` (`initiator_user_id`, `target_user_id`, `status`, `requested_at`, `confirmed_at`) VALUES ('100', '100', 'unfriended', '1970-09-24 10:18:59', '2001-02-10 04:49:07');


#
# TABLE STRUCTURE FOR: communities
#

DROP TABLE IF EXISTS `communities`;

CREATE TABLE `communities` (
  `id` bigint(20) unsigned NOT NULL AUTO_INCREMENT,
  `name` varchar(150) COLLATE utf8_unicode_ci DEFAULT NULL,
  PRIMARY KEY (`id`),
  KEY `communities_name_idx` (`name`)
) ENGINE=InnoDB AUTO_INCREMENT=101 DEFAULT CHARSET=utf8 COLLATE=utf8_unicode_ci;

INSERT INTO `communities` (`id`, `name`) VALUES ('12', 'accusantium');
INSERT INTO `communities` (`id`, `name`) VALUES ('41', 'ad');
INSERT INTO `communities` (`id`, `name`) VALUES ('76', 'alias');
INSERT INTO `communities` (`id`, `name`) VALUES ('80', 'architecto');
INSERT INTO `communities` (`id`, `name`) VALUES ('25', 'asperiores');
INSERT INTO `communities` (`id`, `name`) VALUES ('36', 'aspernatur');
INSERT INTO `communities` (`id`, `name`) VALUES ('100', 'aspernatur');
INSERT INTO `communities` (`id`, `name`) VALUES ('70', 'at');
INSERT INTO `communities` (`id`, `name`) VALUES ('69', 'aut');
INSERT INTO `communities` (`id`, `name`) VALUES ('95', 'aut');
INSERT INTO `communities` (`id`, `name`) VALUES ('46', 'beatae');
INSERT INTO `communities` (`id`, `name`) VALUES ('16', 'consequatur');
INSERT INTO `communities` (`id`, `name`) VALUES ('38', 'consequatur');
INSERT INTO `communities` (`id`, `name`) VALUES ('58', 'consequatur');
INSERT INTO `communities` (`id`, `name`) VALUES ('63', 'consequatur');
INSERT INTO `communities` (`id`, `name`) VALUES ('68', 'consequuntur');
INSERT INTO `communities` (`id`, `name`) VALUES ('78', 'consequuntur');
INSERT INTO `communities` (`id`, `name`) VALUES ('50', 'cupiditate');
INSERT INTO `communities` (`id`, `name`) VALUES ('88', 'cupiditate');
INSERT INTO `communities` (`id`, `name`) VALUES ('40', 'deleniti');
INSERT INTO `communities` (`id`, `name`) VALUES ('10', 'dicta');
INSERT INTO `communities` (`id`, `name`) VALUES ('92', 'dolore');
INSERT INTO `communities` (`id`, `name`) VALUES ('72', 'dolorem');
INSERT INTO `communities` (`id`, `name`) VALUES ('6', 'doloremque');
INSERT INTO `communities` (`id`, `name`) VALUES ('60', 'dolores');
INSERT INTO `communities` (`id`, `name`) VALUES ('61', 'dolores');
INSERT INTO `communities` (`id`, `name`) VALUES ('39', 'eius');
INSERT INTO `communities` (`id`, `name`) VALUES ('81', 'eligendi');
INSERT INTO `communities` (`id`, `name`) VALUES ('49', 'eos');
INSERT INTO `communities` (`id`, `name`) VALUES ('48', 'esse');
INSERT INTO `communities` (`id`, `name`) VALUES ('27', 'est');
INSERT INTO `communities` (`id`, `name`) VALUES ('64', 'est');
INSERT INTO `communities` (`id`, `name`) VALUES ('97', 'est');
INSERT INTO `communities` (`id`, `name`) VALUES ('15', 'et');
INSERT INTO `communities` (`id`, `name`) VALUES ('30', 'et');
INSERT INTO `communities` (`id`, `name`) VALUES ('77', 'et');
INSERT INTO `communities` (`id`, `name`) VALUES ('96', 'et');
INSERT INTO `communities` (`id`, `name`) VALUES ('43', 'eum');
INSERT INTO `communities` (`id`, `name`) VALUES ('73', 'eum');
INSERT INTO `communities` (`id`, `name`) VALUES ('84', 'facere');
INSERT INTO `communities` (`id`, `name`) VALUES ('93', 'fugiat');
INSERT INTO `communities` (`id`, `name`) VALUES ('19', 'harum');
INSERT INTO `communities` (`id`, `name`) VALUES ('23', 'impedit');
INSERT INTO `communities` (`id`, `name`) VALUES ('87', 'in');
INSERT INTO `communities` (`id`, `name`) VALUES ('86', 'inventore');
INSERT INTO `communities` (`id`, `name`) VALUES ('56', 'ipsa');
INSERT INTO `communities` (`id`, `name`) VALUES ('13', 'iure');
INSERT INTO `communities` (`id`, `name`) VALUES ('55', 'labore');
INSERT INTO `communities` (`id`, `name`) VALUES ('98', 'laudantium');
INSERT INTO `communities` (`id`, `name`) VALUES ('51', 'libero');
INSERT INTO `communities` (`id`, `name`) VALUES ('8', 'maiores');
INSERT INTO `communities` (`id`, `name`) VALUES ('66', 'molestias');
INSERT INTO `communities` (`id`, `name`) VALUES ('18', 'natus');
INSERT INTO `communities` (`id`, `name`) VALUES ('83', 'natus');
INSERT INTO `communities` (`id`, `name`) VALUES ('44', 'nemo');
INSERT INTO `communities` (`id`, `name`) VALUES ('52', 'nemo');
INSERT INTO `communities` (`id`, `name`) VALUES ('20', 'nihil');
INSERT INTO `communities` (`id`, `name`) VALUES ('65', 'nisi');
INSERT INTO `communities` (`id`, `name`) VALUES ('99', 'nostrum');
INSERT INTO `communities` (`id`, `name`) VALUES ('75', 'occaecati');
INSERT INTO `communities` (`id`, `name`) VALUES ('91', 'occaecati');
INSERT INTO `communities` (`id`, `name`) VALUES ('7', 'odio');
INSERT INTO `communities` (`id`, `name`) VALUES ('31', 'odio');
INSERT INTO `communities` (`id`, `name`) VALUES ('42', 'odio');
INSERT INTO `communities` (`id`, `name`) VALUES ('53', 'officia');
INSERT INTO `communities` (`id`, `name`) VALUES ('22', 'placeat');
INSERT INTO `communities` (`id`, `name`) VALUES ('90', 'porro');
INSERT INTO `communities` (`id`, `name`) VALUES ('62', 'possimus');
INSERT INTO `communities` (`id`, `name`) VALUES ('82', 'provident');
INSERT INTO `communities` (`id`, `name`) VALUES ('67', 'quasi');
INSERT INTO `communities` (`id`, `name`) VALUES ('3', 'qui');
INSERT INTO `communities` (`id`, `name`) VALUES ('34', 'qui');
INSERT INTO `communities` (`id`, `name`) VALUES ('2', 'quia');
INSERT INTO `communities` (`id`, `name`) VALUES ('33', 'quia');
INSERT INTO `communities` (`id`, `name`) VALUES ('59', 'quod');
INSERT INTO `communities` (`id`, `name`) VALUES ('37', 'quos');
INSERT INTO `communities` (`id`, `name`) VALUES ('24', 'reprehenderit');
INSERT INTO `communities` (`id`, `name`) VALUES ('32', 'reprehenderit');
INSERT INTO `communities` (`id`, `name`) VALUES ('47', 'repudiandae');
INSERT INTO `communities` (`id`, `name`) VALUES ('89', 'rerum');
INSERT INTO `communities` (`id`, `name`) VALUES ('1', 'saepe');
INSERT INTO `communities` (`id`, `name`) VALUES ('4', 'sed');
INSERT INTO `communities` (`id`, `name`) VALUES ('21', 'sequi');
INSERT INTO `communities` (`id`, `name`) VALUES ('45', 'sint');
INSERT INTO `communities` (`id`, `name`) VALUES ('79', 'sint');
INSERT INTO `communities` (`id`, `name`) VALUES ('26', 'sit');
INSERT INTO `communities` (`id`, `name`) VALUES ('29', 'sit');
INSERT INTO `communities` (`id`, `name`) VALUES ('9', 'sunt');
INSERT INTO `communities` (`id`, `name`) VALUES ('14', 'sunt');
INSERT INTO `communities` (`id`, `name`) VALUES ('57', 'tempora');
INSERT INTO `communities` (`id`, `name`) VALUES ('35', 'temporibus');
INSERT INTO `communities` (`id`, `name`) VALUES ('17', 'unde');
INSERT INTO `communities` (`id`, `name`) VALUES ('5', 'vel');
INSERT INTO `communities` (`id`, `name`) VALUES ('11', 'vero');
INSERT INTO `communities` (`id`, `name`) VALUES ('85', 'vitae');
INSERT INTO `communities` (`id`, `name`) VALUES ('28', 'voluptas');
INSERT INTO `communities` (`id`, `name`) VALUES ('54', 'voluptas');
INSERT INTO `communities` (`id`, `name`) VALUES ('94', 'voluptas');
INSERT INTO `communities` (`id`, `name`) VALUES ('71', 'voluptates');
INSERT INTO `communities` (`id`, `name`) VALUES ('74', 'voluptatum');






#
# TABLE STRUCTURE FOR: media_types
#

DROP TABLE IF EXISTS `media_types`;

CREATE TABLE `media_types` (
  `id` bigint(20) unsigned NOT NULL AUTO_INCREMENT,
  `name` varchar(255) COLLATE utf8_unicode_ci DEFAULT NULL,
  `created_at` datetime DEFAULT current_timestamp(),
  `updated_at` datetime DEFAULT current_timestamp() ON UPDATE current_timestamp(),
  PRIMARY KEY (`id`)
) ENGINE=InnoDB AUTO_INCREMENT=101 DEFAULT CHARSET=utf8 COLLATE=utf8_unicode_ci;

INSERT INTO `media_types` (`id`, `name`, `created_at`, `updated_at`) VALUES ('1', 'earum', '2010-03-21 16:24:38', '1970-04-08 09:46:34');
INSERT INTO `media_types` (`id`, `name`, `created_at`, `updated_at`) VALUES ('2', 'quidem', '1995-01-27 23:03:34', '1978-11-05 13:11:06');
INSERT INTO `media_types` (`id`, `name`, `created_at`, `updated_at`) VALUES ('3', 'a', '1984-07-03 09:33:52', '1980-02-11 13:58:15');
INSERT INTO `media_types` (`id`, `name`, `created_at`, `updated_at`) VALUES ('4', 'odio', '1977-10-09 00:00:43', '1993-08-25 05:17:07');
INSERT INTO `media_types` (`id`, `name`, `created_at`, `updated_at`) VALUES ('5', 'id', '2001-11-14 01:17:19', '1985-11-20 06:04:24');
INSERT INTO `media_types` (`id`, `name`, `created_at`, `updated_at`) VALUES ('6', 'quae', '1996-09-09 15:41:52', '1975-02-01 19:51:56');
INSERT INTO `media_types` (`id`, `name`, `created_at`, `updated_at`) VALUES ('7', 'dolorem', '1992-06-02 14:06:38', '2019-10-11 08:21:52');
INSERT INTO `media_types` (`id`, `name`, `created_at`, `updated_at`) VALUES ('8', 'modi', '2016-05-30 08:51:45', '1986-08-24 03:57:32');
INSERT INTO `media_types` (`id`, `name`, `created_at`, `updated_at`) VALUES ('9', 'aspernatur', '2003-09-17 13:05:32', '2014-11-13 17:10:52');
INSERT INTO `media_types` (`id`, `name`, `created_at`, `updated_at`) VALUES ('10', 'consequatur', '1976-06-23 03:49:22', '1982-07-11 04:31:35');
INSERT INTO `media_types` (`id`, `name`, `created_at`, `updated_at`) VALUES ('11', 'quis', '2011-04-03 17:48:21', '2005-06-25 20:16:37');
INSERT INTO `media_types` (`id`, `name`, `created_at`, `updated_at`) VALUES ('12', 'qui', '1990-05-04 23:07:18', '1971-09-09 16:45:53');
INSERT INTO `media_types` (`id`, `name`, `created_at`, `updated_at`) VALUES ('13', 'eaque', '1991-09-21 12:39:49', '2001-11-07 06:09:51');
INSERT INTO `media_types` (`id`, `name`, `created_at`, `updated_at`) VALUES ('14', 'exercitationem', '2008-10-31 11:06:17', '1972-10-27 21:48:54');
INSERT INTO `media_types` (`id`, `name`, `created_at`, `updated_at`) VALUES ('15', 'voluptatem', '2017-07-31 00:14:20', '1989-03-31 02:32:09');
INSERT INTO `media_types` (`id`, `name`, `created_at`, `updated_at`) VALUES ('16', 'esse', '2018-01-03 05:33:46', '1972-07-30 08:37:32');
INSERT INTO `media_types` (`id`, `name`, `created_at`, `updated_at`) VALUES ('17', 'facilis', '2013-04-02 02:22:38', '1972-04-27 22:44:18');
INSERT INTO `media_types` (`id`, `name`, `created_at`, `updated_at`) VALUES ('18', 'maxime', '2006-11-01 10:06:11', '1992-06-13 08:31:29');
INSERT INTO `media_types` (`id`, `name`, `created_at`, `updated_at`) VALUES ('19', 'unde', '1970-08-20 02:50:58', '1988-08-27 17:47:58');
INSERT INTO `media_types` (`id`, `name`, `created_at`, `updated_at`) VALUES ('20', 'maiores', '1981-11-30 15:51:51', '2004-12-19 19:29:40');
INSERT INTO `media_types` (`id`, `name`, `created_at`, `updated_at`) VALUES ('21', 'nihil', '1988-12-31 04:50:54', '2001-09-16 16:13:49');
INSERT INTO `media_types` (`id`, `name`, `created_at`, `updated_at`) VALUES ('22', 'ducimus', '1994-09-06 01:09:14', '1985-10-03 20:04:23');
INSERT INTO `media_types` (`id`, `name`, `created_at`, `updated_at`) VALUES ('23', 'nisi', '1973-12-05 02:35:05', '1989-08-19 23:51:58');
INSERT INTO `media_types` (`id`, `name`, `created_at`, `updated_at`) VALUES ('24', 'commodi', '2007-10-23 00:22:41', '2002-07-18 20:12:48');
INSERT INTO `media_types` (`id`, `name`, `created_at`, `updated_at`) VALUES ('25', 'et', '2019-03-26 05:51:16', '1990-11-20 06:22:03');
INSERT INTO `media_types` (`id`, `name`, `created_at`, `updated_at`) VALUES ('26', 'eveniet', '2018-01-04 12:26:16', '1994-11-04 12:03:52');
INSERT INTO `media_types` (`id`, `name`, `created_at`, `updated_at`) VALUES ('27', 'aliquam', '2007-04-28 21:56:24', '1998-08-11 09:37:23');
INSERT INTO `media_types` (`id`, `name`, `created_at`, `updated_at`) VALUES ('28', 'voluptatum', '1991-10-09 13:13:31', '1993-12-22 05:39:38');
INSERT INTO `media_types` (`id`, `name`, `created_at`, `updated_at`) VALUES ('29', 'facere', '2015-02-28 14:01:13', '1977-06-08 18:39:22');
INSERT INTO `media_types` (`id`, `name`, `created_at`, `updated_at`) VALUES ('30', 'dolore', '2004-10-09 03:33:59', '1977-02-14 17:07:47');
INSERT INTO `media_types` (`id`, `name`, `created_at`, `updated_at`) VALUES ('31', 'est', '1998-06-14 17:23:11', '1983-11-20 01:33:42');
INSERT INTO `media_types` (`id`, `name`, `created_at`, `updated_at`) VALUES ('32', 'voluptatum', '2012-01-11 17:49:12', '1971-01-21 15:40:22');
INSERT INTO `media_types` (`id`, `name`, `created_at`, `updated_at`) VALUES ('33', 'et', '1998-12-31 10:38:21', '1981-08-16 12:37:19');
INSERT INTO `media_types` (`id`, `name`, `created_at`, `updated_at`) VALUES ('34', 'inventore', '2004-10-17 09:37:17', '2007-11-13 01:26:03');
INSERT INTO `media_types` (`id`, `name`, `created_at`, `updated_at`) VALUES ('35', 'corporis', '1985-02-18 01:14:24', '2017-10-24 05:09:56');
INSERT INTO `media_types` (`id`, `name`, `created_at`, `updated_at`) VALUES ('36', 'error', '2007-05-06 08:59:41', '1977-01-06 17:53:06');
INSERT INTO `media_types` (`id`, `name`, `created_at`, `updated_at`) VALUES ('37', 'laborum', '1997-06-12 06:25:39', '1979-07-16 04:15:12');
INSERT INTO `media_types` (`id`, `name`, `created_at`, `updated_at`) VALUES ('38', 'aut', '1983-06-17 15:16:01', '2009-07-05 15:07:19');
INSERT INTO `media_types` (`id`, `name`, `created_at`, `updated_at`) VALUES ('39', 'dolore', '1978-06-19 15:28:26', '2016-05-04 15:38:01');
INSERT INTO `media_types` (`id`, `name`, `created_at`, `updated_at`) VALUES ('40', 'repellat', '1975-10-08 01:23:53', '1986-03-11 03:13:19');
INSERT INTO `media_types` (`id`, `name`, `created_at`, `updated_at`) VALUES ('41', 'expedita', '2016-01-21 22:42:01', '1997-04-30 01:56:21');
INSERT INTO `media_types` (`id`, `name`, `created_at`, `updated_at`) VALUES ('42', 'accusamus', '2015-06-28 23:02:41', '2012-08-12 01:17:15');
INSERT INTO `media_types` (`id`, `name`, `created_at`, `updated_at`) VALUES ('43', 'tempora', '1994-08-18 03:44:52', '1995-01-23 06:51:02');
INSERT INTO `media_types` (`id`, `name`, `created_at`, `updated_at`) VALUES ('44', 'labore', '1993-08-15 23:23:42', '2013-02-09 03:51:05');
INSERT INTO `media_types` (`id`, `name`, `created_at`, `updated_at`) VALUES ('45', 'ut', '1988-10-11 07:39:03', '2005-07-30 12:26:52');
INSERT INTO `media_types` (`id`, `name`, `created_at`, `updated_at`) VALUES ('46', 'et', '2004-03-23 13:58:37', '2017-05-17 11:47:32');
INSERT INTO `media_types` (`id`, `name`, `created_at`, `updated_at`) VALUES ('47', 'et', '2000-10-10 17:36:39', '1971-08-18 15:35:27');
INSERT INTO `media_types` (`id`, `name`, `created_at`, `updated_at`) VALUES ('48', 'delectus', '1980-07-10 09:56:02', '2006-01-30 10:01:13');
INSERT INTO `media_types` (`id`, `name`, `created_at`, `updated_at`) VALUES ('49', 'vel', '1993-06-13 02:03:55', '2017-05-17 16:09:05');
INSERT INTO `media_types` (`id`, `name`, `created_at`, `updated_at`) VALUES ('50', 'sunt', '1995-11-19 13:38:14', '1986-12-24 09:41:36');
INSERT INTO `media_types` (`id`, `name`, `created_at`, `updated_at`) VALUES ('51', 'ipsam', '1983-08-05 00:54:39', '1989-04-11 08:51:09');
INSERT INTO `media_types` (`id`, `name`, `created_at`, `updated_at`) VALUES ('52', 'laboriosam', '2000-05-16 05:53:12', '2007-07-17 05:20:03');
INSERT INTO `media_types` (`id`, `name`, `created_at`, `updated_at`) VALUES ('53', 'unde', '2012-03-07 11:17:13', '1970-02-26 06:29:22');
INSERT INTO `media_types` (`id`, `name`, `created_at`, `updated_at`) VALUES ('54', 'at', '2014-02-07 19:22:40', '1999-04-18 09:09:24');
INSERT INTO `media_types` (`id`, `name`, `created_at`, `updated_at`) VALUES ('55', 'eos', '2011-12-19 07:48:46', '1983-06-28 19:41:35');
INSERT INTO `media_types` (`id`, `name`, `created_at`, `updated_at`) VALUES ('56', 'corrupti', '2006-03-28 19:03:01', '1993-02-04 08:09:54');
INSERT INTO `media_types` (`id`, `name`, `created_at`, `updated_at`) VALUES ('57', 'et', '2015-06-11 01:07:55', '2001-08-20 17:57:40');
INSERT INTO `media_types` (`id`, `name`, `created_at`, `updated_at`) VALUES ('58', 'eveniet', '2002-08-20 14:25:14', '2013-12-18 00:26:11');
INSERT INTO `media_types` (`id`, `name`, `created_at`, `updated_at`) VALUES ('59', 'sequi', '1977-06-21 02:09:48', '1991-11-06 01:09:19');
INSERT INTO `media_types` (`id`, `name`, `created_at`, `updated_at`) VALUES ('60', 'quia', '1983-03-26 13:15:37', '1998-03-05 05:23:30');
INSERT INTO `media_types` (`id`, `name`, `created_at`, `updated_at`) VALUES ('61', 'dolorum', '1994-11-12 01:00:15', '2000-10-17 05:12:36');
INSERT INTO `media_types` (`id`, `name`, `created_at`, `updated_at`) VALUES ('62', 'commodi', '2019-03-25 06:19:26', '1982-12-27 17:21:18');
INSERT INTO `media_types` (`id`, `name`, `created_at`, `updated_at`) VALUES ('63', 'nesciunt', '2015-08-09 01:36:00', '1994-12-23 21:52:28');
INSERT INTO `media_types` (`id`, `name`, `created_at`, `updated_at`) VALUES ('64', 'qui', '2009-11-07 09:18:57', '2005-01-12 20:30:43');
INSERT INTO `media_types` (`id`, `name`, `created_at`, `updated_at`) VALUES ('65', 'nobis', '1979-02-27 17:18:40', '2010-10-11 14:43:18');
INSERT INTO `media_types` (`id`, `name`, `created_at`, `updated_at`) VALUES ('66', 'temporibus', '2019-04-13 10:03:50', '1989-12-06 20:54:45');
INSERT INTO `media_types` (`id`, `name`, `created_at`, `updated_at`) VALUES ('67', 'molestiae', '1974-02-28 03:34:15', '2019-12-24 15:31:55');
INSERT INTO `media_types` (`id`, `name`, `created_at`, `updated_at`) VALUES ('68', 'debitis', '1994-08-18 13:41:18', '2016-05-12 07:27:34');
INSERT INTO `media_types` (`id`, `name`, `created_at`, `updated_at`) VALUES ('69', 'ducimus', '1998-10-01 17:36:33', '1999-02-17 15:43:49');
INSERT INTO `media_types` (`id`, `name`, `created_at`, `updated_at`) VALUES ('70', 'repellat', '1991-02-26 06:46:27', '1984-04-09 10:30:50');
INSERT INTO `media_types` (`id`, `name`, `created_at`, `updated_at`) VALUES ('71', 'soluta', '2004-03-12 15:32:31', '1971-05-22 10:04:35');
INSERT INTO `media_types` (`id`, `name`, `created_at`, `updated_at`) VALUES ('72', 'asperiores', '1973-08-24 12:25:14', '1992-10-24 08:46:19');
INSERT INTO `media_types` (`id`, `name`, `created_at`, `updated_at`) VALUES ('73', 'dolor', '1983-08-10 06:21:32', '2002-05-02 19:17:52');
INSERT INTO `media_types` (`id`, `name`, `created_at`, `updated_at`) VALUES ('74', 'nobis', '2003-10-14 09:20:42', '1998-02-23 20:44:10');
INSERT INTO `media_types` (`id`, `name`, `created_at`, `updated_at`) VALUES ('75', 'ut', '2007-08-28 06:08:31', '1997-03-05 22:18:11');
INSERT INTO `media_types` (`id`, `name`, `created_at`, `updated_at`) VALUES ('76', 'cupiditate', '1971-11-11 08:38:28', '1997-04-23 20:11:47');
INSERT INTO `media_types` (`id`, `name`, `created_at`, `updated_at`) VALUES ('77', 'ab', '1996-08-04 00:04:11', '1990-12-02 15:46:26');
INSERT INTO `media_types` (`id`, `name`, `created_at`, `updated_at`) VALUES ('78', 'amet', '1997-07-22 07:17:19', '2000-06-15 15:11:24');
INSERT INTO `media_types` (`id`, `name`, `created_at`, `updated_at`) VALUES ('79', 'tempora', '1977-11-20 14:28:42', '1974-06-11 14:39:00');
INSERT INTO `media_types` (`id`, `name`, `created_at`, `updated_at`) VALUES ('80', 'quis', '1993-10-26 06:30:26', '1981-10-26 01:45:31');
INSERT INTO `media_types` (`id`, `name`, `created_at`, `updated_at`) VALUES ('81', 'cupiditate', '2008-06-10 04:30:05', '2004-08-19 03:49:50');
INSERT INTO `media_types` (`id`, `name`, `created_at`, `updated_at`) VALUES ('82', 'commodi', '1971-01-02 13:04:43', '1980-09-19 17:20:12');
INSERT INTO `media_types` (`id`, `name`, `created_at`, `updated_at`) VALUES ('83', 'consequatur', '2007-05-18 16:02:39', '2010-11-01 03:59:58');
INSERT INTO `media_types` (`id`, `name`, `created_at`, `updated_at`) VALUES ('84', 'mollitia', '1996-03-26 19:38:19', '2010-05-27 20:07:40');
INSERT INTO `media_types` (`id`, `name`, `created_at`, `updated_at`) VALUES ('85', 'at', '1981-03-13 06:19:20', '2005-06-22 01:15:01');
INSERT INTO `media_types` (`id`, `name`, `created_at`, `updated_at`) VALUES ('86', 'repudiandae', '1981-10-08 06:08:48', '1991-04-28 09:51:20');
INSERT INTO `media_types` (`id`, `name`, `created_at`, `updated_at`) VALUES ('87', 'voluptatem', '2008-05-23 07:54:16', '2011-08-21 10:55:12');
INSERT INTO `media_types` (`id`, `name`, `created_at`, `updated_at`) VALUES ('88', 'doloribus', '1972-02-28 22:37:42', '1985-12-19 12:32:30');
INSERT INTO `media_types` (`id`, `name`, `created_at`, `updated_at`) VALUES ('89', 'repellat', '1977-10-03 10:18:23', '1983-05-11 06:16:59');
INSERT INTO `media_types` (`id`, `name`, `created_at`, `updated_at`) VALUES ('90', 'cumque', '1986-03-27 01:27:12', '1971-12-03 07:40:16');
INSERT INTO `media_types` (`id`, `name`, `created_at`, `updated_at`) VALUES ('91', 'alias', '2015-10-21 01:03:17', '2018-03-28 18:04:18');
INSERT INTO `media_types` (`id`, `name`, `created_at`, `updated_at`) VALUES ('92', 'ipsum', '1983-10-17 23:30:41', '2011-11-05 09:54:32');
INSERT INTO `media_types` (`id`, `name`, `created_at`, `updated_at`) VALUES ('93', 'laborum', '2017-08-17 12:44:02', '2017-01-06 15:57:49');
INSERT INTO `media_types` (`id`, `name`, `created_at`, `updated_at`) VALUES ('94', 'rerum', '1974-03-13 17:58:38', '1992-12-24 12:03:53');
INSERT INTO `media_types` (`id`, `name`, `created_at`, `updated_at`) VALUES ('95', 'commodi', '2010-01-29 11:51:40', '1980-07-12 04:56:09');
INSERT INTO `media_types` (`id`, `name`, `created_at`, `updated_at`) VALUES ('96', 'nihil', '1979-08-17 14:53:02', '1985-03-14 03:34:20');
INSERT INTO `media_types` (`id`, `name`, `created_at`, `updated_at`) VALUES ('97', 'commodi', '1979-05-31 15:34:00', '2016-05-27 18:26:03');
INSERT INTO `media_types` (`id`, `name`, `created_at`, `updated_at`) VALUES ('98', 'voluptatem', '1998-04-05 16:00:03', '1981-05-05 14:17:59');
INSERT INTO `media_types` (`id`, `name`, `created_at`, `updated_at`) VALUES ('99', 'et', '2008-03-08 20:35:07', '2014-03-31 19:52:10');
INSERT INTO `media_types` (`id`, `name`, `created_at`, `updated_at`) VALUES ('100', 'non', '1980-01-18 07:08:01', '1995-06-29 04:47:52');


#
# TABLE STRUCTURE FOR: media
#

DROP TABLE IF EXISTS `media`;

CREATE TABLE `media` (
  `id` bigint(20) unsigned NOT NULL AUTO_INCREMENT,
  `media_type_id` bigint(20) unsigned NOT NULL,
  `user_id` bigint(20) unsigned NOT NULL,
  `body` text COLLATE utf8_unicode_ci DEFAULT NULL,
  `filename` varchar(255) COLLATE utf8_unicode_ci DEFAULT NULL,
  `size` int(11) DEFAULT NULL,
  `metadata` longtext CHARACTER SET utf8mb4 COLLATE utf8mb4_bin DEFAULT NULL,
  `created_at` datetime DEFAULT current_timestamp(),
  `updated_at` datetime DEFAULT current_timestamp() ON UPDATE current_timestamp(),
  PRIMARY KEY (`id`),
  KEY `user_id` (`user_id`),
  KEY `media_type_id` (`media_type_id`),
  CONSTRAINT `media_ibfk_1` FOREIGN KEY (`user_id`) REFERENCES `users` (`id`),
  CONSTRAINT `media_ibfk_2` FOREIGN KEY (`media_type_id`) REFERENCES `media_types` (`id`)
) ENGINE=InnoDB AUTO_INCREMENT=101 DEFAULT CHARSET=utf8 COLLATE=utf8_unicode_ci;

INSERT INTO `media` (`id`, `media_type_id`, `user_id`, `body`, `filename`, `size`, `metadata`, `created_at`, `updated_at`) VALUES ('1', '1', '1', 'Qui dolor aut a et mollitia sit. Eius velit quia impedit sit molestiae in sed vero.', 'inventore', 3654, NULL, '2008-05-12 01:47:26', '1987-09-20 14:16:38');
INSERT INTO `media` (`id`, `media_type_id`, `user_id`, `body`, `filename`, `size`, `metadata`, `created_at`, `updated_at`) VALUES ('2', '2', '2', 'Amet rerum et praesentium. Nihil consequatur qui nihil laudantium quis doloribus. Recusandae harum id quia omnis.', 'deserunt', 263811, NULL, '1977-09-07 16:42:29', '1978-12-13 21:24:25');
INSERT INTO `media` (`id`, `media_type_id`, `user_id`, `body`, `filename`, `size`, `metadata`, `created_at`, `updated_at`) VALUES ('3', '3', '3', 'Beatae voluptatem nemo laudantium pariatur totam voluptatum omnis. Facilis error odio atque iusto.', 'ipsum', 1746, NULL, '1999-02-27 21:09:52', '1975-07-13 23:00:50');
INSERT INTO `media` (`id`, `media_type_id`, `user_id`, `body`, `filename`, `size`, `metadata`, `created_at`, `updated_at`) VALUES ('4', '4', '4', 'Ut dignissimos qui modi sunt. Est blanditiis quos rerum eum dignissimos. Explicabo omnis praesentium excepturi ut dolorum. Assumenda velit reiciendis dolorum consequuntur omnis inventore.', 'laudantium', 51635, NULL, '1971-12-21 05:27:15', '2010-03-23 07:59:03');
INSERT INTO `media` (`id`, `media_type_id`, `user_id`, `body`, `filename`, `size`, `metadata`, `created_at`, `updated_at`) VALUES ('5', '5', '5', 'Aut et quam provident non dolor veniam beatae et. Deleniti aperiam dolore omnis sunt assumenda ipsa. Laboriosam voluptatem non fugit sed facilis ut officiis. Corporis dolore a eum eligendi expedita et.', 'voluptate', 927, NULL, '2003-01-09 19:36:29', '1976-05-14 00:45:15');
INSERT INTO `media` (`id`, `media_type_id`, `user_id`, `body`, `filename`, `size`, `metadata`, `created_at`, `updated_at`) VALUES ('6', '6', '6', 'Sed voluptatum labore omnis sint. Dolorem explicabo veniam sit et distinctio. Blanditiis maiores sed aspernatur asperiores eligendi. Odio cum porro qui tempora molestias ex. Maxime cum itaque facere non repellendus suscipit.', 'vitae', 418342327, NULL, '2008-06-13 09:44:10', '1989-04-22 21:15:18');
INSERT INTO `media` (`id`, `media_type_id`, `user_id`, `body`, `filename`, `size`, `metadata`, `created_at`, `updated_at`) VALUES ('7', '7', '7', 'Eum quae velit blanditiis earum et. Deserunt natus dolorem quam voluptates non suscipit sequi. Corporis aut modi beatae natus placeat vitae nihil.', 'in', 283, NULL, '2011-02-18 08:26:14', '1989-09-07 02:54:16');
INSERT INTO `media` (`id`, `media_type_id`, `user_id`, `body`, `filename`, `size`, `metadata`, `created_at`, `updated_at`) VALUES ('8', '8', '8', 'Praesentium esse voluptatem voluptas excepturi recusandae. Sint molestiae quasi dolores dolorem qui. Sunt doloribus et consequatur aut ab.', 'alias', 0, NULL, '2004-09-22 16:20:25', '1989-07-18 04:47:36');
INSERT INTO `media` (`id`, `media_type_id`, `user_id`, `body`, `filename`, `size`, `metadata`, `created_at`, `updated_at`) VALUES ('9', '9', '9', 'Molestias placeat illum animi repellat ut aliquam. Occaecati minus nam ipsam dolores odit et harum. Sed quo odio eius dolore temporibus quisquam. Eum praesentium repellendus ut nesciunt quibusdam animi molestiae.', 'quia', 92014992, NULL, '1986-03-23 07:26:12', '1979-10-09 18:35:05');
INSERT INTO `media` (`id`, `media_type_id`, `user_id`, `body`, `filename`, `size`, `metadata`, `created_at`, `updated_at`) VALUES ('10', '10', '10', 'Reprehenderit consequuntur et accusantium molestiae ut odio exercitationem fugiat. Qui qui ipsum excepturi non necessitatibus quia. Perspiciatis magni numquam qui fuga nemo doloribus est et.', 'id', 1435375, NULL, '1987-08-29 01:23:34', '1989-02-18 21:11:40');
INSERT INTO `media` (`id`, `media_type_id`, `user_id`, `body`, `filename`, `size`, `metadata`, `created_at`, `updated_at`) VALUES ('11', '11', '11', 'Molestias culpa quaerat ipsum modi. Tempore quae voluptatum ipsa repellendus ipsam. Cumque fuga veniam et nisi tenetur.', 'non', 45453, NULL, '1979-10-03 15:28:11', '1973-03-06 02:24:17');
INSERT INTO `media` (`id`, `media_type_id`, `user_id`, `body`, `filename`, `size`, `metadata`, `created_at`, `updated_at`) VALUES ('12', '12', '12', 'Sed fugiat maiores quasi vero sed cupiditate odit. Omnis error dolorum qui sequi repudiandae voluptatum aut blanditiis. Libero natus est libero sed aut aperiam.', 'non', 0, NULL, '2017-08-22 22:49:21', '1972-03-06 02:26:58');
INSERT INTO `media` (`id`, `media_type_id`, `user_id`, `body`, `filename`, `size`, `metadata`, `created_at`, `updated_at`) VALUES ('13', '13', '13', 'Quibusdam possimus ad eum ratione ut. Voluptas voluptas quo voluptates ut nisi et. Est asperiores dolorem inventore et et est saepe. Cum similique adipisci eveniet dignissimos doloribus ipsam.', 'deleniti', 4624, NULL, '2012-06-02 08:17:45', '2004-07-13 18:56:15');
INSERT INTO `media` (`id`, `media_type_id`, `user_id`, `body`, `filename`, `size`, `metadata`, `created_at`, `updated_at`) VALUES ('14', '14', '14', 'Dolor voluptas repellendus et autem facere odio ut aut. Tempore ea laboriosam sed dolorum ratione odio aut. Impedit iste non culpa nostrum ratione est.', 'et', 0, NULL, '1992-10-25 16:08:17', '1992-11-15 20:20:45');
INSERT INTO `media` (`id`, `media_type_id`, `user_id`, `body`, `filename`, `size`, `metadata`, `created_at`, `updated_at`) VALUES ('15', '15', '15', 'Qui velit totam similique nihil deserunt neque reiciendis omnis. Saepe natus et laboriosam minus. Iusto pariatur eum repudiandae aut qui excepturi possimus. Dicta quod soluta odio sit quis sequi.', 'aspernatur', 0, NULL, '1993-11-02 00:13:28', '1989-05-14 14:31:56');
INSERT INTO `media` (`id`, `media_type_id`, `user_id`, `body`, `filename`, `size`, `metadata`, `created_at`, `updated_at`) VALUES ('16', '16', '16', 'Voluptas molestiae perspiciatis et qui harum labore omnis. Et est minus dolor vel placeat laborum distinctio alias. Similique cumque vel quis voluptatem. Quod odit porro quis possimus aut. Harum corporis sapiente magni sunt similique.', 'dicta', 71057350, NULL, '1974-11-24 10:01:26', '1986-01-06 19:59:51');
INSERT INTO `media` (`id`, `media_type_id`, `user_id`, `body`, `filename`, `size`, `metadata`, `created_at`, `updated_at`) VALUES ('17', '17', '17', 'Sunt sint incidunt et culpa. Dolores in asperiores cum.', 'quia', 56251233, NULL, '2010-02-22 07:02:11', '1992-05-15 04:52:59');
INSERT INTO `media` (`id`, `media_type_id`, `user_id`, `body`, `filename`, `size`, `metadata`, `created_at`, `updated_at`) VALUES ('18', '18', '18', 'Maxime minima rem quos enim mollitia. Deleniti qui earum sed. Porro dolorem esse accusamus.', 'reprehenderit', 69, NULL, '1980-08-23 17:20:50', '2007-07-04 01:45:47');
INSERT INTO `media` (`id`, `media_type_id`, `user_id`, `body`, `filename`, `size`, `metadata`, `created_at`, `updated_at`) VALUES ('19', '19', '19', 'Officia laudantium cupiditate aut consectetur dolor officia. Aperiam voluptates eum quo qui voluptas. Fugit modi occaecati eos est eligendi et.', 'fugit', 9, NULL, '1981-10-22 06:24:42', '2004-06-04 01:26:43');
INSERT INTO `media` (`id`, `media_type_id`, `user_id`, `body`, `filename`, `size`, `metadata`, `created_at`, `updated_at`) VALUES ('20', '20', '20', 'Et quibusdam repudiandae omnis ut similique est. Accusantium sed qui eius in sit nam aliquam. Dignissimos rerum reiciendis et aut aut excepturi. Ut a reprehenderit veniam voluptatem quas in.', 'ab', 912190, NULL, '1981-07-25 23:20:30', '1996-08-15 17:39:43');
INSERT INTO `media` (`id`, `media_type_id`, `user_id`, `body`, `filename`, `size`, `metadata`, `created_at`, `updated_at`) VALUES ('21', '21', '21', 'Et esse ut sit iste beatae omnis cupiditate ut. Corporis fuga beatae porro beatae aut voluptatibus officiis. Sint est ut sit aperiam iure aliquid. Harum fugit ut ut nulla.', 'doloremque', 386, NULL, '1998-03-28 22:17:45', '1973-08-07 16:06:47');
INSERT INTO `media` (`id`, `media_type_id`, `user_id`, `body`, `filename`, `size`, `metadata`, `created_at`, `updated_at`) VALUES ('22', '22', '22', 'Vero ullam maxime commodi rerum. Quae deserunt rem ut iure minima officiis. Odit distinctio est adipisci vitae. Voluptatem quia dolores optio unde odit magni molestias rem.', 'non', 71, NULL, '1985-05-26 06:20:39', '1970-08-06 14:07:08');
INSERT INTO `media` (`id`, `media_type_id`, `user_id`, `body`, `filename`, `size`, `metadata`, `created_at`, `updated_at`) VALUES ('23', '23', '23', 'Unde voluptatem autem culpa ipsum fugit quaerat ut. Aut quia esse cupiditate explicabo quis ratione quia. Nihil consequuntur nam possimus totam enim. Reprehenderit rerum cupiditate nisi debitis autem.', 'minima', 8, NULL, '1999-05-05 16:53:13', '2001-11-25 02:37:35');
INSERT INTO `media` (`id`, `media_type_id`, `user_id`, `body`, `filename`, `size`, `metadata`, `created_at`, `updated_at`) VALUES ('24', '24', '24', 'Eos assumenda nihil quia itaque. Necessitatibus soluta dolores omnis occaecati. Esse doloribus ut accusamus velit quos.', 'magnam', 0, NULL, '1972-03-18 18:24:00', '1975-07-14 09:04:53');
INSERT INTO `media` (`id`, `media_type_id`, `user_id`, `body`, `filename`, `size`, `metadata`, `created_at`, `updated_at`) VALUES ('25', '25', '25', 'Tempore dicta occaecati laborum. Est porro quasi aut aut ratione cupiditate. Ut in quas impedit sit enim qui.', 'voluptatibus', 41599600, NULL, '2015-06-04 09:08:05', '1980-06-20 21:24:26');
INSERT INTO `media` (`id`, `media_type_id`, `user_id`, `body`, `filename`, `size`, `metadata`, `created_at`, `updated_at`) VALUES ('26', '26', '26', 'Quae laudantium esse placeat aliquam. Velit veniam eveniet assumenda sapiente autem nihil. Illum nisi sed similique ad ducimus hic in. Unde tempora laborum animi nihil adipisci aut.', 'numquam', 50, NULL, '1986-04-11 00:34:38', '2000-05-04 08:54:51');
INSERT INTO `media` (`id`, `media_type_id`, `user_id`, `body`, `filename`, `size`, `metadata`, `created_at`, `updated_at`) VALUES ('27', '27', '27', 'Deleniti sint nulla pariatur earum rem qui. Culpa qui enim et.', 'quia', 73, NULL, '1975-11-26 02:42:22', '2008-02-20 15:06:05');
INSERT INTO `media` (`id`, `media_type_id`, `user_id`, `body`, `filename`, `size`, `metadata`, `created_at`, `updated_at`) VALUES ('28', '28', '28', 'Non ad porro nulla alias eius. In cum suscipit est id facilis ab. Laudantium officia aperiam optio voluptatibus in nobis. Aliquam id quisquam quos totam aliquam enim facere.', 'ea', 944065, NULL, '1992-03-09 23:25:32', '2008-11-06 19:36:12');
INSERT INTO `media` (`id`, `media_type_id`, `user_id`, `body`, `filename`, `size`, `metadata`, `created_at`, `updated_at`) VALUES ('29', '29', '29', 'Minus quis sit aperiam cumque odit alias. Aut delectus et doloribus possimus repellendus.', 'ad', 792870, NULL, '1994-10-07 16:02:23', '2016-05-27 19:07:18');
INSERT INTO `media` (`id`, `media_type_id`, `user_id`, `body`, `filename`, `size`, `metadata`, `created_at`, `updated_at`) VALUES ('30', '30', '30', 'Illo deleniti laboriosam sed vel. Numquam dolores blanditiis omnis exercitationem sit. Quam laboriosam voluptas id nemo fuga consectetur. Quidem qui quo iure consequatur.', 'omnis', 35, NULL, '1992-05-06 05:48:04', '1983-08-02 00:21:54');
INSERT INTO `media` (`id`, `media_type_id`, `user_id`, `body`, `filename`, `size`, `metadata`, `created_at`, `updated_at`) VALUES ('31', '31', '31', 'Facilis odio doloremque omnis delectus vel laudantium ab. Provident ad et accusamus ut est dolore omnis eveniet. Autem neque consequuntur in quia eligendi et repellat. Quam labore quia esse perferendis alias.', 'illum', 8428381, NULL, '1993-03-02 10:02:16', '2018-12-23 01:28:44');
INSERT INTO `media` (`id`, `media_type_id`, `user_id`, `body`, `filename`, `size`, `metadata`, `created_at`, `updated_at`) VALUES ('32', '32', '32', 'Est facere consequatur dolorum quasi sint magnam. At sit voluptatum modi qui. Voluptatum alias inventore adipisci tenetur rerum illo.', 'quas', 494525, NULL, '2008-12-10 09:41:28', '1989-11-11 09:11:04');
INSERT INTO `media` (`id`, `media_type_id`, `user_id`, `body`, `filename`, `size`, `metadata`, `created_at`, `updated_at`) VALUES ('33', '33', '33', 'Voluptate nostrum ducimus deserunt distinctio. Voluptas aut ad ut aliquam qui officia iure aut. Eligendi adipisci beatae asperiores quos dolores et fuga.', 'magni', 6603, NULL, '1976-09-24 15:21:57', '1976-10-15 22:27:07');
INSERT INTO `media` (`id`, `media_type_id`, `user_id`, `body`, `filename`, `size`, `metadata`, `created_at`, `updated_at`) VALUES ('34', '34', '34', 'Non ipsa eum tempore sit est. Est aut quis et eos. Sint amet illum amet consectetur sunt rem similique.', 'magnam', 577, NULL, '1986-06-28 23:46:11', '2005-09-05 06:36:44');
INSERT INTO `media` (`id`, `media_type_id`, `user_id`, `body`, `filename`, `size`, `metadata`, `created_at`, `updated_at`) VALUES ('35', '35', '35', 'Odio aliquam impedit ex at perferendis. Ut ut nisi et. Iusto et ipsam voluptatem repellat quia.', 'nostrum', 65, NULL, '1980-10-05 05:52:59', '2014-01-27 20:46:44');
INSERT INTO `media` (`id`, `media_type_id`, `user_id`, `body`, `filename`, `size`, `metadata`, `created_at`, `updated_at`) VALUES ('36', '36', '36', 'Quas fugiat explicabo occaecati in animi molestias. Eligendi harum aut consequatur. Quia iure autem recusandae blanditiis. Velit doloribus nam delectus eum expedita fugit rerum.', 'sunt', 504, NULL, '1997-04-26 12:46:09', '2016-08-11 04:18:31');
INSERT INTO `media` (`id`, `media_type_id`, `user_id`, `body`, `filename`, `size`, `metadata`, `created_at`, `updated_at`) VALUES ('37', '37', '37', 'Quibusdam sunt facere libero repudiandae sed tenetur. Est fugit neque dolor modi pariatur consequatur quisquam. Dolorem sint iusto dolores et.', 'consequatur', 39635357, NULL, '1995-02-19 00:42:51', '1979-10-01 06:58:26');
INSERT INTO `media` (`id`, `media_type_id`, `user_id`, `body`, `filename`, `size`, `metadata`, `created_at`, `updated_at`) VALUES ('38', '38', '38', 'Ea esse minus qui. Quod dolores quo incidunt at deleniti voluptas. Quasi ut et omnis accusantium voluptatem. Consequatur id non est quis mollitia dicta blanditiis.', 'dignissimos', 8, NULL, '2001-08-24 17:51:40', '2004-04-06 03:37:28');
INSERT INTO `media` (`id`, `media_type_id`, `user_id`, `body`, `filename`, `size`, `metadata`, `created_at`, `updated_at`) VALUES ('39', '39', '39', 'Officia asperiores sint sint nihil porro consequuntur quia voluptates. Dignissimos saepe rerum quia deleniti doloremque. Iste voluptas asperiores rem dignissimos qui tempore cum. Aspernatur fuga pariatur dignissimos enim non exercitationem quidem.', 'iure', 9, NULL, '2014-05-03 23:44:32', '2016-12-29 10:03:29');
INSERT INTO `media` (`id`, `media_type_id`, `user_id`, `body`, `filename`, `size`, `metadata`, `created_at`, `updated_at`) VALUES ('40', '40', '40', 'Non harum est ipsa quas iste esse exercitationem. Nostrum sint sed molestiae rerum autem. Temporibus debitis tempore debitis ut porro ut. Reiciendis tempora sint ratione repudiandae sit voluptate iusto.', 'qui', 94929113, NULL, '1982-09-23 08:53:17', '1999-03-06 18:57:08');
INSERT INTO `media` (`id`, `media_type_id`, `user_id`, `body`, `filename`, `size`, `metadata`, `created_at`, `updated_at`) VALUES ('41', '41', '41', 'Et est ullam nobis quisquam. Odio aut ut cupiditate sed magni cum reiciendis. Sed dicta sunt culpa. Aut veniam ad commodi eligendi.', 'sed', 815177, NULL, '1981-05-05 19:48:24', '2004-10-10 21:21:52');
INSERT INTO `media` (`id`, `media_type_id`, `user_id`, `body`, `filename`, `size`, `metadata`, `created_at`, `updated_at`) VALUES ('42', '42', '42', 'Delectus sint qui vero. Quaerat nam voluptatem enim quia in aut.', 'maiores', 355762, NULL, '1983-03-01 17:02:22', '2006-02-12 20:35:05');
INSERT INTO `media` (`id`, `media_type_id`, `user_id`, `body`, `filename`, `size`, `metadata`, `created_at`, `updated_at`) VALUES ('43', '43', '43', 'Iure provident aut minus odit aut atque et. Distinctio odio aliquam non ullam rerum consequatur. Officiis accusamus ut omnis quasi. Rerum unde saepe at quia ipsa quaerat.', 'id', 562, NULL, '2012-10-16 03:03:04', '1986-01-27 12:50:06');
INSERT INTO `media` (`id`, `media_type_id`, `user_id`, `body`, `filename`, `size`, `metadata`, `created_at`, `updated_at`) VALUES ('44', '44', '44', 'Aliquid voluptatum quaerat perferendis. Culpa iusto ipsa molestiae vitae. Sit ut enim iure et omnis eum deserunt sequi.', 'dolorem', 14764, NULL, '2013-10-02 15:46:08', '1993-06-05 21:54:10');
INSERT INTO `media` (`id`, `media_type_id`, `user_id`, `body`, `filename`, `size`, `metadata`, `created_at`, `updated_at`) VALUES ('45', '45', '45', 'Voluptas suscipit occaecati eos sed vitae sint beatae. Voluptates velit voluptas omnis accusamus. Architecto sit esse et et at perferendis. Ea explicabo dolorum eos eos enim ipsam. Et molestias ut et rerum non tempore ducimus.', 'dolore', 2, NULL, '2014-12-30 11:40:20', '1990-05-13 18:33:46');
INSERT INTO `media` (`id`, `media_type_id`, `user_id`, `body`, `filename`, `size`, `metadata`, `created_at`, `updated_at`) VALUES ('46', '46', '46', 'Ea quo qui id earum facilis in sed. Quisquam occaecati nisi accusamus cupiditate error. Maiores magni aut tempora nesciunt natus placeat est. Ad quaerat et odio eius ut.', 'sit', 220119270, NULL, '1982-10-12 14:30:44', '2007-06-17 19:37:18');
INSERT INTO `media` (`id`, `media_type_id`, `user_id`, `body`, `filename`, `size`, `metadata`, `created_at`, `updated_at`) VALUES ('47', '47', '47', 'Distinctio molestiae et aut voluptate voluptate vel corporis corrupti. Et laudantium distinctio doloribus sunt.', 'qui', 0, NULL, '1975-09-12 19:36:11', '2015-09-08 11:04:59');
INSERT INTO `media` (`id`, `media_type_id`, `user_id`, `body`, `filename`, `size`, `metadata`, `created_at`, `updated_at`) VALUES ('48', '48', '48', 'Sint asperiores veniam soluta. Est inventore nisi nemo et. Laudantium totam molestiae reprehenderit. Doloremque totam ut et eveniet voluptatibus reiciendis optio.', 'voluptas', 6834715, NULL, '1984-10-25 18:52:58', '1973-02-28 01:19:58');
INSERT INTO `media` (`id`, `media_type_id`, `user_id`, `body`, `filename`, `size`, `metadata`, `created_at`, `updated_at`) VALUES ('49', '49', '49', 'Qui animi consequuntur corporis deleniti eius animi debitis. Voluptatem animi et et rerum facilis aperiam. Autem illo qui in exercitationem quia in. Omnis ullam animi quos perspiciatis sapiente. Eos unde distinctio ut sed error quia vel.', 'dolorem', 9167393, NULL, '2014-12-24 06:04:16', '2001-01-25 13:14:09');
INSERT INTO `media` (`id`, `media_type_id`, `user_id`, `body`, `filename`, `size`, `metadata`, `created_at`, `updated_at`) VALUES ('50', '50', '50', 'Magni quia aliquam non ea accusamus autem voluptatum voluptatem. Et eum ut aut sed. Porro quia culpa cum ducimus eligendi facilis numquam. Necessitatibus blanditiis itaque ex aut perferendis quisquam.', 'dolorem', 4, NULL, '1993-06-29 17:14:10', '1998-12-29 04:47:10');
INSERT INTO `media` (`id`, `media_type_id`, `user_id`, `body`, `filename`, `size`, `metadata`, `created_at`, `updated_at`) VALUES ('51', '51', '51', 'Dolores quam ipsam doloremque. Repellendus eveniet aut necessitatibus incidunt magnam. Quidem iure qui commodi consequatur.', 'tempore', 8473825, NULL, '1980-09-14 10:03:22', '1991-11-15 18:05:26');
INSERT INTO `media` (`id`, `media_type_id`, `user_id`, `body`, `filename`, `size`, `metadata`, `created_at`, `updated_at`) VALUES ('52', '52', '52', 'Vel animi nulla expedita omnis odio maiores impedit. Omnis consequatur repellat ut aperiam. Labore dolores est totam ut excepturi est. Nam rerum fugiat expedita id.', 'fugiat', 0, NULL, '1991-09-29 09:16:32', '1980-08-30 22:10:44');
INSERT INTO `media` (`id`, `media_type_id`, `user_id`, `body`, `filename`, `size`, `metadata`, `created_at`, `updated_at`) VALUES ('53', '53', '53', 'Non occaecati voluptate possimus numquam. Fugit explicabo earum minima iure voluptatem vitae. Et iure aperiam dolor non voluptatem. Aliquam quia eum autem et unde voluptas eum. Aut sunt nesciunt suscipit quos quas optio.', 'sit', 331289561, NULL, '2019-10-01 06:25:19', '1973-12-20 19:08:02');
INSERT INTO `media` (`id`, `media_type_id`, `user_id`, `body`, `filename`, `size`, `metadata`, `created_at`, `updated_at`) VALUES ('54', '54', '54', 'Dolore soluta velit harum est sint alias aut. Omnis iure architecto quisquam sed iste aut reprehenderit. Non accusantium sit beatae quae fugit et. Inventore quo aut voluptas nobis error possimus deserunt nemo.', 'est', 9, NULL, '2013-01-26 12:06:29', '2007-09-18 00:48:59');
INSERT INTO `media` (`id`, `media_type_id`, `user_id`, `body`, `filename`, `size`, `metadata`, `created_at`, `updated_at`) VALUES ('55', '55', '55', 'Praesentium quo error omnis doloremque quo. Qui officiis magnam qui voluptatem id. Quia et dolorum omnis placeat et est quasi quas.', 'culpa', 997730799, NULL, '2005-09-09 09:50:22', '1978-04-12 16:25:39');
INSERT INTO `media` (`id`, `media_type_id`, `user_id`, `body`, `filename`, `size`, `metadata`, `created_at`, `updated_at`) VALUES ('56', '56', '56', 'Velit cumque maxime eos ex. Doloribus quibusdam vel reiciendis natus voluptates eos voluptas. Voluptatem molestias ut sit nihil in sit asperiores dolorem. Saepe enim expedita eos velit et.', 'qui', 3387318, NULL, '1995-12-24 18:41:48', '2015-04-08 11:00:20');
INSERT INTO `media` (`id`, `media_type_id`, `user_id`, `body`, `filename`, `size`, `metadata`, `created_at`, `updated_at`) VALUES ('57', '57', '57', 'Dolorem dolorum tenetur perspiciatis. Quod nesciunt dolorem rerum qui voluptas. Dolore pariatur maiores pariatur corrupti velit assumenda amet. Vero impedit magnam ipsum vel distinctio sunt et exercitationem.', 'culpa', 13, NULL, '2000-05-06 23:46:26', '1991-08-30 22:13:18');
INSERT INTO `media` (`id`, `media_type_id`, `user_id`, `body`, `filename`, `size`, `metadata`, `created_at`, `updated_at`) VALUES ('58', '58', '58', 'Perspiciatis aperiam quae expedita natus sed. Quos quo nesciunt maiores suscipit aut sint unde. Perspiciatis rerum porro doloribus quis sed provident. Nostrum mollitia a eius omnis officia et officiis.', 'reiciendis', 386302927, NULL, '2006-08-24 18:08:28', '1989-10-23 22:17:08');
INSERT INTO `media` (`id`, `media_type_id`, `user_id`, `body`, `filename`, `size`, `metadata`, `created_at`, `updated_at`) VALUES ('59', '59', '59', 'Ratione ut tempora quae a. Ea quis esse architecto provident ullam eos. Et repellendus quasi eum adipisci quam delectus voluptatem.', 'minus', 3167, NULL, '1988-02-02 11:55:07', '2006-07-18 04:25:14');
INSERT INTO `media` (`id`, `media_type_id`, `user_id`, `body`, `filename`, `size`, `metadata`, `created_at`, `updated_at`) VALUES ('60', '60', '60', 'Et illo laboriosam ab et minus dolores. Dolorum vero quibusdam itaque velit. Necessitatibus in quisquam maiores odit optio. Animi expedita sunt odio eum nam.', 'rerum', 9274, NULL, '1978-08-23 13:34:58', '2015-06-27 08:38:41');
INSERT INTO `media` (`id`, `media_type_id`, `user_id`, `body`, `filename`, `size`, `metadata`, `created_at`, `updated_at`) VALUES ('61', '61', '61', 'Beatae et omnis non repellat. Debitis eligendi nihil dicta omnis. Vero animi cum dolorem animi sint illo.', 'nulla', 209487366, NULL, '1972-11-08 12:25:10', '2018-07-13 20:27:47');
INSERT INTO `media` (`id`, `media_type_id`, `user_id`, `body`, `filename`, `size`, `metadata`, `created_at`, `updated_at`) VALUES ('62', '62', '62', 'Quod nostrum quam vel nihil magnam optio. Nisi nihil rerum cupiditate exercitationem vel officiis vel. Sunt ex nisi aut dignissimos eum fugit. Vel maxime fugiat suscipit beatae aut maxime. Qui sit odit modi beatae quia temporibus voluptatem.', 'delectus', 754, NULL, '1998-06-13 05:45:29', '2001-02-10 05:43:01');
INSERT INTO `media` (`id`, `media_type_id`, `user_id`, `body`, `filename`, `size`, `metadata`, `created_at`, `updated_at`) VALUES ('63', '63', '63', 'Beatae non suscipit est eum saepe vel. Vitae quo enim ut adipisci vitae maxime. Libero commodi ipsum omnis assumenda ea iusto cumque et.', 'rerum', 4, NULL, '1987-09-20 17:19:13', '2018-04-30 22:00:09');
INSERT INTO `media` (`id`, `media_type_id`, `user_id`, `body`, `filename`, `size`, `metadata`, `created_at`, `updated_at`) VALUES ('64', '64', '64', 'Accusantium dicta veritatis asperiores porro vitae consequuntur. Quod corrupti et aliquid ratione voluptates et impedit. Soluta itaque porro est accusamus soluta nobis. Rerum doloribus temporibus unde inventore aut.', 'suscipit', 865939889, NULL, '2019-07-12 11:32:24', '1990-08-23 22:19:45');
INSERT INTO `media` (`id`, `media_type_id`, `user_id`, `body`, `filename`, `size`, `metadata`, `created_at`, `updated_at`) VALUES ('65', '65', '65', 'Explicabo voluptatum impedit quo dolore aut dolorem minima molestiae. Cum error minima unde sit est atque.', 'sint', 5119, NULL, '1994-10-03 16:36:29', '1995-04-12 19:27:51');
INSERT INTO `media` (`id`, `media_type_id`, `user_id`, `body`, `filename`, `size`, `metadata`, `created_at`, `updated_at`) VALUES ('66', '66', '66', 'Aliquid eligendi placeat minima distinctio velit. Quaerat omnis dignissimos molestiae. Sint ipsam beatae rerum quia architecto.', 'similique', 493833, NULL, '2019-01-17 03:59:20', '2018-09-23 01:43:37');
INSERT INTO `media` (`id`, `media_type_id`, `user_id`, `body`, `filename`, `size`, `metadata`, `created_at`, `updated_at`) VALUES ('67', '67', '67', 'Sapiente suscipit quae qui tempora placeat nihil. Esse quisquam eum aut labore et id non. Quidem illo vitae rerum eum culpa in molestiae. Aliquid error quia voluptatem neque et. Quo maiores tempora tempore saepe.', 'quia', 44302328, NULL, '1997-11-20 05:48:14', '1973-11-13 14:08:10');
INSERT INTO `media` (`id`, `media_type_id`, `user_id`, `body`, `filename`, `size`, `metadata`, `created_at`, `updated_at`) VALUES ('68', '68', '68', 'Velit ex molestiae voluptatibus voluptas et unde aut mollitia. Reiciendis accusantium provident amet. Dicta doloribus tempore eos praesentium rerum possimus velit. Id expedita voluptatibus et dolore et labore error.', 'dicta', 8411, NULL, '1997-06-04 20:30:09', '1978-12-30 23:20:55');
INSERT INTO `media` (`id`, `media_type_id`, `user_id`, `body`, `filename`, `size`, `metadata`, `created_at`, `updated_at`) VALUES ('69', '69', '69', 'Deserunt quasi totam maxime ipsam dolor animi cum. Dolorum aliquam labore voluptatem deserunt commodi labore et. Eius non nostrum qui laudantium. Perspiciatis sit dolor nam maxime atque.', 'corrupti', 605556292, NULL, '1999-01-19 19:05:51', '1992-03-02 08:52:14');
INSERT INTO `media` (`id`, `media_type_id`, `user_id`, `body`, `filename`, `size`, `metadata`, `created_at`, `updated_at`) VALUES ('70', '70', '70', 'Et dolorem ex quasi dolor rerum. Unde aut iure eos. Molestias asperiores praesentium nisi molestiae sed omnis.', 'dolores', 4740, NULL, '2019-05-04 23:10:51', '1973-11-14 07:09:08');
INSERT INTO `media` (`id`, `media_type_id`, `user_id`, `body`, `filename`, `size`, `metadata`, `created_at`, `updated_at`) VALUES ('71', '71', '71', 'Asperiores quae dolorem asperiores expedita quia et et. Sint similique tempore ratione asperiores alias dolorem alias. Incidunt aut est voluptas voluptatem voluptas sapiente. Ipsam eligendi consequatur modi alias ducimus sint in eos.', 'vero', 55, NULL, '1982-07-24 23:59:54', '2002-05-17 20:17:27');
INSERT INTO `media` (`id`, `media_type_id`, `user_id`, `body`, `filename`, `size`, `metadata`, `created_at`, `updated_at`) VALUES ('72', '72', '72', 'Voluptas est quibusdam quo est provident voluptatem earum. Facere maxime labore molestiae aspernatur. Vero odio natus tempore necessitatibus vel. Dignissimos et eaque placeat maiores eum praesentium hic.', 'in', 571, NULL, '1988-11-11 07:33:17', '1980-07-02 11:27:59');
INSERT INTO `media` (`id`, `media_type_id`, `user_id`, `body`, `filename`, `size`, `metadata`, `created_at`, `updated_at`) VALUES ('73', '73', '73', 'Laboriosam ea quidem voluptatem quae ratione expedita. Dicta mollitia voluptatum consequatur perferendis sit magnam. Quis non delectus sunt autem aut.', 'dolor', 1913353, NULL, '2017-11-03 21:08:15', '1993-10-18 07:14:19');
INSERT INTO `media` (`id`, `media_type_id`, `user_id`, `body`, `filename`, `size`, `metadata`, `created_at`, `updated_at`) VALUES ('74', '74', '74', 'Dolorum quaerat eum qui deserunt eum explicabo recusandae. Eum ut enim esse sunt. Animi dolorem voluptatem eveniet voluptatem error accusantium ipsum hic. Dignissimos explicabo nisi culpa debitis repudiandae.', 'numquam', 1001, NULL, '1982-07-21 09:59:36', '2009-07-28 04:48:46');
INSERT INTO `media` (`id`, `media_type_id`, `user_id`, `body`, `filename`, `size`, `metadata`, `created_at`, `updated_at`) VALUES ('75', '75', '75', 'Quam ut omnis qui ut sit facilis aut. Omnis voluptatem aut aut fugiat. Fuga non quia sed et architecto sequi quo. Sit sunt debitis qui accusantium perferendis consequatur voluptas.', 'itaque', 99396, NULL, '1992-11-15 01:59:59', '1994-04-04 21:30:13');
INSERT INTO `media` (`id`, `media_type_id`, `user_id`, `body`, `filename`, `size`, `metadata`, `created_at`, `updated_at`) VALUES ('76', '76', '76', 'Et vitae aut soluta. Quas impedit sunt veniam eos dolore exercitationem. Fuga aliquid non necessitatibus sapiente mollitia voluptate et. Dolores modi accusamus sint.', 'eius', 38758, NULL, '2003-08-30 23:46:36', '2006-07-30 11:18:16');
INSERT INTO `media` (`id`, `media_type_id`, `user_id`, `body`, `filename`, `size`, `metadata`, `created_at`, `updated_at`) VALUES ('77', '77', '77', 'Voluptas eius qui fugit et minima officiis aliquid. Ducimus at quisquam ipsum praesentium aut. Dolore eos iure iusto ipsum.', 'numquam', 6901754, NULL, '2004-06-17 18:42:11', '2004-10-06 15:17:42');
INSERT INTO `media` (`id`, `media_type_id`, `user_id`, `body`, `filename`, `size`, `metadata`, `created_at`, `updated_at`) VALUES ('78', '78', '78', 'Provident cupiditate id tenetur. Consectetur est commodi blanditiis quo nam unde necessitatibus eaque. Voluptate totam architecto ratione et repudiandae. Dignissimos at provident ut et.', 'commodi', 28508, NULL, '1977-07-19 00:50:00', '1980-11-06 08:21:01');
INSERT INTO `media` (`id`, `media_type_id`, `user_id`, `body`, `filename`, `size`, `metadata`, `created_at`, `updated_at`) VALUES ('79', '79', '79', 'Aliquid rerum a enim. Qui eos expedita exercitationem neque eos. Eos suscipit quam quia ut.', 'necessitatibus', 6318355, NULL, '2019-06-29 20:24:04', '1989-10-17 18:34:22');
INSERT INTO `media` (`id`, `media_type_id`, `user_id`, `body`, `filename`, `size`, `metadata`, `created_at`, `updated_at`) VALUES ('80', '80', '80', 'Quasi hic aut cupiditate provident non veniam. Minus sit a cum sed magnam tempora. Dolores exercitationem sequi aut eligendi ut.', 'occaecati', 0, NULL, '2002-01-31 17:56:09', '2005-05-23 19:04:06');
INSERT INTO `media` (`id`, `media_type_id`, `user_id`, `body`, `filename`, `size`, `metadata`, `created_at`, `updated_at`) VALUES ('81', '81', '81', 'Distinctio nisi eos dicta occaecati omnis autem. Recusandae consequuntur rerum possimus amet. Aliquid qui ullam est enim dolores architecto eveniet est. Voluptatem tempora nesciunt et cum.', 'et', 6748, NULL, '2001-07-20 12:53:38', '1993-07-14 06:15:48');
INSERT INTO `media` (`id`, `media_type_id`, `user_id`, `body`, `filename`, `size`, `metadata`, `created_at`, `updated_at`) VALUES ('82', '82', '82', 'In eius labore quos alias iste sapiente ratione. Non vero quas itaque qui. Eaque quasi quos consequatur aut explicabo eius.', 'qui', 85788746, NULL, '1971-01-05 09:02:18', '1977-05-19 08:07:26');
INSERT INTO `media` (`id`, `media_type_id`, `user_id`, `body`, `filename`, `size`, `metadata`, `created_at`, `updated_at`) VALUES ('83', '83', '83', 'Laborum occaecati quia deleniti beatae nihil aspernatur. Saepe rem deleniti ut velit.', 'quis', 0, NULL, '2008-12-12 03:53:14', '2001-11-07 01:22:47');
INSERT INTO `media` (`id`, `media_type_id`, `user_id`, `body`, `filename`, `size`, `metadata`, `created_at`, `updated_at`) VALUES ('84', '84', '84', 'Et libero iusto ut. Odio minus saepe beatae labore vel voluptate. Omnis voluptas hic laborum sunt ex quis. Commodi earum et sit error officiis.', 'optio', 0, NULL, '2007-05-26 03:20:37', '2011-03-11 05:05:40');
INSERT INTO `media` (`id`, `media_type_id`, `user_id`, `body`, `filename`, `size`, `metadata`, `created_at`, `updated_at`) VALUES ('85', '85', '85', 'Libero omnis et et et dolorem aut quia. Id delectus sed nobis tempore veritatis voluptas. Veritatis beatae et ut nobis. Id voluptates totam excepturi et. Voluptatem asperiores perferendis vitae assumenda et atque.', 'quos', 7, NULL, '1993-02-13 09:38:06', '2018-01-06 13:52:49');
INSERT INTO `media` (`id`, `media_type_id`, `user_id`, `body`, `filename`, `size`, `metadata`, `created_at`, `updated_at`) VALUES ('86', '86', '86', 'Earum enim pariatur temporibus consequatur aut. Et sit corporis quisquam ut numquam quae nulla. Quia delectus modi debitis similique ad autem ex animi. Quas veritatis iure nulla et voluptas fugit.', 'possimus', 1, NULL, '1979-10-22 14:49:13', '1992-08-03 08:45:42');
INSERT INTO `media` (`id`, `media_type_id`, `user_id`, `body`, `filename`, `size`, `metadata`, `created_at`, `updated_at`) VALUES ('87', '87', '87', 'Repellendus necessitatibus non ut totam. Sapiente hic consequatur assumenda facilis id. Officiis officiis repellat ab et. Officia aut ut rerum exercitationem et inventore. Et doloribus aut quibusdam provident ex illo.', 'quos', 5128272, NULL, '1984-05-31 07:04:28', '2012-10-10 18:15:37');
INSERT INTO `media` (`id`, `media_type_id`, `user_id`, `body`, `filename`, `size`, `metadata`, `created_at`, `updated_at`) VALUES ('88', '88', '88', 'Ut fugit rem qui ut. Fugiat qui tempora sunt itaque. Praesentium modi deleniti non. Et fugiat ratione sint temporibus tempora possimus.', 'et', 2564394, NULL, '2010-12-05 04:23:08', '1990-12-18 22:49:38');
INSERT INTO `media` (`id`, `media_type_id`, `user_id`, `body`, `filename`, `size`, `metadata`, `created_at`, `updated_at`) VALUES ('89', '89', '89', 'Rerum illum soluta praesentium possimus aspernatur. Officiis tempore nam laudantium non pariatur minima. Rerum dolor deleniti placeat in dignissimos rerum.', 'laborum', 0, NULL, '2014-06-25 06:50:55', '1970-04-17 09:12:12');
INSERT INTO `media` (`id`, `media_type_id`, `user_id`, `body`, `filename`, `size`, `metadata`, `created_at`, `updated_at`) VALUES ('90', '90', '90', 'Hic delectus facere voluptatem. Molestiae odit omnis ut quidem dolorem non. Autem aspernatur necessitatibus esse beatae velit dolores. Et et dolore reiciendis et.', 'commodi', 371480781, NULL, '1974-09-15 21:44:25', '2006-08-30 07:30:52');
INSERT INTO `media` (`id`, `media_type_id`, `user_id`, `body`, `filename`, `size`, `metadata`, `created_at`, `updated_at`) VALUES ('91', '91', '91', 'Sed quia labore delectus voluptatem sequi eaque consequatur dolorem. Hic maxime omnis ut quae voluptas. Vitae impedit aliquid consequatur fugit rerum dolore.', 'voluptatibus', 1210, NULL, '2008-04-19 21:36:36', '1995-09-24 20:07:45');
INSERT INTO `media` (`id`, `media_type_id`, `user_id`, `body`, `filename`, `size`, `metadata`, `created_at`, `updated_at`) VALUES ('92', '92', '92', 'Quia dicta eveniet fugit et quia magni temporibus. Cumque necessitatibus hic ut facilis consequatur minus repudiandae. Adipisci et accusamus non voluptas provident non. Et pariatur omnis quos sapiente qui accusamus autem fugiat.', 'voluptatem', 2, NULL, '1997-05-15 09:05:41', '2017-04-22 22:32:36');
INSERT INTO `media` (`id`, `media_type_id`, `user_id`, `body`, `filename`, `size`, `metadata`, `created_at`, `updated_at`) VALUES ('93', '93', '93', 'Voluptatem dolorem sit quasi. Dolor molestiae repellat porro dicta nostrum esse veritatis. Fuga et nam nisi at omnis eum minus. Quas molestiae consequuntur ut veniam ut deleniti.', 'sed', 54, NULL, '1996-04-16 12:00:14', '2015-08-20 02:20:54');
INSERT INTO `media` (`id`, `media_type_id`, `user_id`, `body`, `filename`, `size`, `metadata`, `created_at`, `updated_at`) VALUES ('94', '94', '94', 'Sint atque dolore explicabo eaque. Pariatur non error quo quos eaque debitis. Ratione occaecati ad libero.', 'consequuntur', 27661613, NULL, '1998-04-08 14:51:25', '1980-11-30 10:14:22');
INSERT INTO `media` (`id`, `media_type_id`, `user_id`, `body`, `filename`, `size`, `metadata`, `created_at`, `updated_at`) VALUES ('95', '95', '95', 'Et id et in fuga labore ut quis. Omnis mollitia totam laborum laborum enim et. Nam numquam incidunt quo tempora aut debitis facere.', 'qui', 0, NULL, '1989-09-17 01:02:17', '2006-07-12 15:09:26');
INSERT INTO `media` (`id`, `media_type_id`, `user_id`, `body`, `filename`, `size`, `metadata`, `created_at`, `updated_at`) VALUES ('96', '96', '96', 'Perferendis dolore nihil voluptate voluptatum asperiores soluta quia. Rerum nihil saepe est rerum. Reiciendis qui est nihil corrupti possimus quidem.', 'animi', 58259207, NULL, '2017-07-09 12:14:15', '1976-01-02 07:11:22');
INSERT INTO `media` (`id`, `media_type_id`, `user_id`, `body`, `filename`, `size`, `metadata`, `created_at`, `updated_at`) VALUES ('97', '97', '97', 'Sunt quibusdam molestias vero eos nam commodi. Odit voluptatem provident nostrum cum. Beatae occaecati qui veritatis qui. Non rerum sapiente eos nihil.', 'quia', 800284, NULL, '1976-04-27 06:44:54', '2003-02-13 17:28:36');
INSERT INTO `media` (`id`, `media_type_id`, `user_id`, `body`, `filename`, `size`, `metadata`, `created_at`, `updated_at`) VALUES ('98', '98', '98', 'Et enim non reprehenderit molestias quo dolore eos. Minima animi autem voluptatibus repudiandae dignissimos. Placeat voluptas nobis iusto rem. Qui et voluptatem est eaque ab ducimus ut.', 'reiciendis', 495076, NULL, '2006-05-07 14:59:09', '1987-02-08 19:56:40');
INSERT INTO `media` (`id`, `media_type_id`, `user_id`, `body`, `filename`, `size`, `metadata`, `created_at`, `updated_at`) VALUES ('99', '99', '99', 'Voluptatum praesentium dolorum inventore dolores facilis qui. Aut eaque omnis corporis. Vel rerum officiis quis sint possimus. Neque cumque unde officia.', 'a', 79890, NULL, '1976-10-26 11:05:17', '1994-11-01 05:08:29');
INSERT INTO `media` (`id`, `media_type_id`, `user_id`, `body`, `filename`, `size`, `metadata`, `created_at`, `updated_at`) VALUES ('100', '100', '100', 'Nisi voluptatem et omnis magni. Eligendi amet animi dolor a accusantium tenetur. Tempora repellat vel veniam debitis dolorem voluptatem. Ut expedita doloribus accusantium quia temporibus ut aut. Et et id reiciendis consequuntur repellat.', 'voluptas', 28, NULL, '1981-11-26 14:54:09', '2005-10-08 16:20:04');





#
# TABLE STRUCTURE FOR: photo_albums
#

DROP TABLE IF EXISTS `photo_albums`;

CREATE TABLE `photo_albums` (
  `id` bigint(20) unsigned NOT NULL AUTO_INCREMENT,
  `name` varchar(255) COLLATE utf8_unicode_ci DEFAULT NULL,
  `user_id` bigint(20) unsigned DEFAULT NULL,
  PRIMARY KEY (`id`),
  UNIQUE KEY `id` (`id`),
  KEY `user_id` (`user_id`),
  CONSTRAINT `photo_albums_ibfk_1` FOREIGN KEY (`user_id`) REFERENCES `users` (`id`)
) ENGINE=InnoDB AUTO_INCREMENT=101 DEFAULT CHARSET=utf8 COLLATE=utf8_unicode_ci;

INSERT INTO `photo_albums` (`id`, `name`, `user_id`) VALUES ('1', 'et', '1');
INSERT INTO `photo_albums` (`id`, `name`, `user_id`) VALUES ('2', 'animi', '2');
INSERT INTO `photo_albums` (`id`, `name`, `user_id`) VALUES ('3', 'voluptates', '3');
INSERT INTO `photo_albums` (`id`, `name`, `user_id`) VALUES ('4', 'ipsa', '4');
INSERT INTO `photo_albums` (`id`, `name`, `user_id`) VALUES ('5', 'aut', '5');
INSERT INTO `photo_albums` (`id`, `name`, `user_id`) VALUES ('6', 'explicabo', '6');
INSERT INTO `photo_albums` (`id`, `name`, `user_id`) VALUES ('7', 'deleniti', '7');
INSERT INTO `photo_albums` (`id`, `name`, `user_id`) VALUES ('8', 'necessitatibus', '8');
INSERT INTO `photo_albums` (`id`, `name`, `user_id`) VALUES ('9', 'sapiente', '9');
INSERT INTO `photo_albums` (`id`, `name`, `user_id`) VALUES ('10', 'aperiam', '10');
INSERT INTO `photo_albums` (`id`, `name`, `user_id`) VALUES ('11', 'quo', '11');
INSERT INTO `photo_albums` (`id`, `name`, `user_id`) VALUES ('12', 'vero', '12');
INSERT INTO `photo_albums` (`id`, `name`, `user_id`) VALUES ('13', 'hic', '13');
INSERT INTO `photo_albums` (`id`, `name`, `user_id`) VALUES ('14', 'est', '14');
INSERT INTO `photo_albums` (`id`, `name`, `user_id`) VALUES ('15', 'saepe', '15');
INSERT INTO `photo_albums` (`id`, `name`, `user_id`) VALUES ('16', 'ullam', '16');
INSERT INTO `photo_albums` (`id`, `name`, `user_id`) VALUES ('17', 'repellendus', '17');
INSERT INTO `photo_albums` (`id`, `name`, `user_id`) VALUES ('18', 'inventore', '18');
INSERT INTO `photo_albums` (`id`, `name`, `user_id`) VALUES ('19', 'qui', '19');
INSERT INTO `photo_albums` (`id`, `name`, `user_id`) VALUES ('20', 'ratione', '20');
INSERT INTO `photo_albums` (`id`, `name`, `user_id`) VALUES ('21', 'vel', '21');
INSERT INTO `photo_albums` (`id`, `name`, `user_id`) VALUES ('22', 'et', '22');
INSERT INTO `photo_albums` (`id`, `name`, `user_id`) VALUES ('23', 'ullam', '23');
INSERT INTO `photo_albums` (`id`, `name`, `user_id`) VALUES ('24', 'asperiores', '24');
INSERT INTO `photo_albums` (`id`, `name`, `user_id`) VALUES ('25', 'quo', '25');
INSERT INTO `photo_albums` (`id`, `name`, `user_id`) VALUES ('26', 'distinctio', '26');
INSERT INTO `photo_albums` (`id`, `name`, `user_id`) VALUES ('27', 'voluptatem', '27');
INSERT INTO `photo_albums` (`id`, `name`, `user_id`) VALUES ('28', 'odio', '28');
INSERT INTO `photo_albums` (`id`, `name`, `user_id`) VALUES ('29', 'quia', '29');
INSERT INTO `photo_albums` (`id`, `name`, `user_id`) VALUES ('30', 'aut', '30');
INSERT INTO `photo_albums` (`id`, `name`, `user_id`) VALUES ('31', 'aut', '31');
INSERT INTO `photo_albums` (`id`, `name`, `user_id`) VALUES ('32', 'modi', '32');
INSERT INTO `photo_albums` (`id`, `name`, `user_id`) VALUES ('33', 'voluptas', '33');
INSERT INTO `photo_albums` (`id`, `name`, `user_id`) VALUES ('34', 'velit', '34');
INSERT INTO `photo_albums` (`id`, `name`, `user_id`) VALUES ('35', 'et', '35');
INSERT INTO `photo_albums` (`id`, `name`, `user_id`) VALUES ('36', 'et', '36');
INSERT INTO `photo_albums` (`id`, `name`, `user_id`) VALUES ('37', 'alias', '37');
INSERT INTO `photo_albums` (`id`, `name`, `user_id`) VALUES ('38', 'rerum', '38');
INSERT INTO `photo_albums` (`id`, `name`, `user_id`) VALUES ('39', 'unde', '39');
INSERT INTO `photo_albums` (`id`, `name`, `user_id`) VALUES ('40', 'voluptas', '40');
INSERT INTO `photo_albums` (`id`, `name`, `user_id`) VALUES ('41', 'impedit', '41');
INSERT INTO `photo_albums` (`id`, `name`, `user_id`) VALUES ('42', 'iusto', '42');
INSERT INTO `photo_albums` (`id`, `name`, `user_id`) VALUES ('43', 'eos', '43');
INSERT INTO `photo_albums` (`id`, `name`, `user_id`) VALUES ('44', 'ex', '44');
INSERT INTO `photo_albums` (`id`, `name`, `user_id`) VALUES ('45', 'et', '45');
INSERT INTO `photo_albums` (`id`, `name`, `user_id`) VALUES ('46', 'consectetur', '46');
INSERT INTO `photo_albums` (`id`, `name`, `user_id`) VALUES ('47', 'corrupti', '47');
INSERT INTO `photo_albums` (`id`, `name`, `user_id`) VALUES ('48', 'amet', '48');
INSERT INTO `photo_albums` (`id`, `name`, `user_id`) VALUES ('49', 'eaque', '49');
INSERT INTO `photo_albums` (`id`, `name`, `user_id`) VALUES ('50', 'consequuntur', '50');
INSERT INTO `photo_albums` (`id`, `name`, `user_id`) VALUES ('51', 'nemo', '51');
INSERT INTO `photo_albums` (`id`, `name`, `user_id`) VALUES ('52', 'repellat', '52');
INSERT INTO `photo_albums` (`id`, `name`, `user_id`) VALUES ('53', 'corporis', '53');
INSERT INTO `photo_albums` (`id`, `name`, `user_id`) VALUES ('54', 'qui', '54');
INSERT INTO `photo_albums` (`id`, `name`, `user_id`) VALUES ('55', 'magnam', '55');
INSERT INTO `photo_albums` (`id`, `name`, `user_id`) VALUES ('56', 'et', '56');
INSERT INTO `photo_albums` (`id`, `name`, `user_id`) VALUES ('57', 'eum', '57');
INSERT INTO `photo_albums` (`id`, `name`, `user_id`) VALUES ('58', 'aliquam', '58');
INSERT INTO `photo_albums` (`id`, `name`, `user_id`) VALUES ('59', 'sed', '59');
INSERT INTO `photo_albums` (`id`, `name`, `user_id`) VALUES ('60', 'possimus', '60');
INSERT INTO `photo_albums` (`id`, `name`, `user_id`) VALUES ('61', 'ipsum', '61');
INSERT INTO `photo_albums` (`id`, `name`, `user_id`) VALUES ('62', 'perspiciatis', '62');
INSERT INTO `photo_albums` (`id`, `name`, `user_id`) VALUES ('63', 'quis', '63');
INSERT INTO `photo_albums` (`id`, `name`, `user_id`) VALUES ('64', 'quis', '64');
INSERT INTO `photo_albums` (`id`, `name`, `user_id`) VALUES ('65', 'occaecati', '65');
INSERT INTO `photo_albums` (`id`, `name`, `user_id`) VALUES ('66', 'sequi', '66');
INSERT INTO `photo_albums` (`id`, `name`, `user_id`) VALUES ('67', 'dolorem', '67');
INSERT INTO `photo_albums` (`id`, `name`, `user_id`) VALUES ('68', 'ut', '68');
INSERT INTO `photo_albums` (`id`, `name`, `user_id`) VALUES ('69', 'tempora', '69');
INSERT INTO `photo_albums` (`id`, `name`, `user_id`) VALUES ('70', 'quo', '70');
INSERT INTO `photo_albums` (`id`, `name`, `user_id`) VALUES ('71', 'sunt', '71');
INSERT INTO `photo_albums` (`id`, `name`, `user_id`) VALUES ('72', 'possimus', '72');
INSERT INTO `photo_albums` (`id`, `name`, `user_id`) VALUES ('73', 'quis', '73');
INSERT INTO `photo_albums` (`id`, `name`, `user_id`) VALUES ('74', 'velit', '74');
INSERT INTO `photo_albums` (`id`, `name`, `user_id`) VALUES ('75', 'ab', '75');
INSERT INTO `photo_albums` (`id`, `name`, `user_id`) VALUES ('76', 'id', '76');
INSERT INTO `photo_albums` (`id`, `name`, `user_id`) VALUES ('77', 'et', '77');
INSERT INTO `photo_albums` (`id`, `name`, `user_id`) VALUES ('78', 'fugiat', '78');
INSERT INTO `photo_albums` (`id`, `name`, `user_id`) VALUES ('79', 'aut', '79');
INSERT INTO `photo_albums` (`id`, `name`, `user_id`) VALUES ('80', 'perspiciatis', '80');
INSERT INTO `photo_albums` (`id`, `name`, `user_id`) VALUES ('81', 'in', '81');
INSERT INTO `photo_albums` (`id`, `name`, `user_id`) VALUES ('82', 'optio', '82');
INSERT INTO `photo_albums` (`id`, `name`, `user_id`) VALUES ('83', 'voluptatem', '83');
INSERT INTO `photo_albums` (`id`, `name`, `user_id`) VALUES ('84', 'ipsum', '84');
INSERT INTO `photo_albums` (`id`, `name`, `user_id`) VALUES ('85', 'laborum', '85');
INSERT INTO `photo_albums` (`id`, `name`, `user_id`) VALUES ('86', 'esse', '86');
INSERT INTO `photo_albums` (`id`, `name`, `user_id`) VALUES ('87', 'unde', '87');
INSERT INTO `photo_albums` (`id`, `name`, `user_id`) VALUES ('88', 'voluptate', '88');
INSERT INTO `photo_albums` (`id`, `name`, `user_id`) VALUES ('89', 'autem', '89');
INSERT INTO `photo_albums` (`id`, `name`, `user_id`) VALUES ('90', 'recusandae', '90');
INSERT INTO `photo_albums` (`id`, `name`, `user_id`) VALUES ('91', 'rerum', '91');
INSERT INTO `photo_albums` (`id`, `name`, `user_id`) VALUES ('92', 'voluptas', '92');
INSERT INTO `photo_albums` (`id`, `name`, `user_id`) VALUES ('93', 'distinctio', '93');
INSERT INTO `photo_albums` (`id`, `name`, `user_id`) VALUES ('94', 'ut', '94');
INSERT INTO `photo_albums` (`id`, `name`, `user_id`) VALUES ('95', 'et', '95');
INSERT INTO `photo_albums` (`id`, `name`, `user_id`) VALUES ('96', 'ducimus', '96');
INSERT INTO `photo_albums` (`id`, `name`, `user_id`) VALUES ('97', 'pariatur', '97');
INSERT INTO `photo_albums` (`id`, `name`, `user_id`) VALUES ('98', 'iusto', '98');
INSERT INTO `photo_albums` (`id`, `name`, `user_id`) VALUES ('99', 'ex', '99');
INSERT INTO `photo_albums` (`id`, `name`, `user_id`) VALUES ('100', 'optio', '100');


#
# TABLE STRUCTURE FOR: photos
#

DROP TABLE IF EXISTS `photos`;

CREATE TABLE `photos` (
  `id` bigint(20) unsigned NOT NULL AUTO_INCREMENT,
  `album_id` bigint(20) unsigned NOT NULL,
  `media_id` bigint(20) unsigned NOT NULL,
  PRIMARY KEY (`id`),
  KEY `album_id` (`album_id`),
  KEY `media_id` (`media_id`),
  CONSTRAINT `photos_ibfk_1` FOREIGN KEY (`album_id`) REFERENCES `photo_albums` (`id`),
  CONSTRAINT `photos_ibfk_2` FOREIGN KEY (`media_id`) REFERENCES `media` (`id`)
) ENGINE=InnoDB AUTO_INCREMENT=101 DEFAULT CHARSET=utf8 COLLATE=utf8_unicode_ci;

INSERT INTO `photos` (`id`, `album_id`, `media_id`) VALUES ('1', '1', '1');
INSERT INTO `photos` (`id`, `album_id`, `media_id`) VALUES ('2', '2', '2');
INSERT INTO `photos` (`id`, `album_id`, `media_id`) VALUES ('3', '3', '3');
INSERT INTO `photos` (`id`, `album_id`, `media_id`) VALUES ('4', '4', '4');
INSERT INTO `photos` (`id`, `album_id`, `media_id`) VALUES ('5', '5', '5');
INSERT INTO `photos` (`id`, `album_id`, `media_id`) VALUES ('6', '6', '6');
INSERT INTO `photos` (`id`, `album_id`, `media_id`) VALUES ('7', '7', '7');
INSERT INTO `photos` (`id`, `album_id`, `media_id`) VALUES ('8', '8', '8');
INSERT INTO `photos` (`id`, `album_id`, `media_id`) VALUES ('9', '9', '9');
INSERT INTO `photos` (`id`, `album_id`, `media_id`) VALUES ('10', '10', '10');
INSERT INTO `photos` (`id`, `album_id`, `media_id`) VALUES ('11', '11', '11');
INSERT INTO `photos` (`id`, `album_id`, `media_id`) VALUES ('12', '12', '12');
INSERT INTO `photos` (`id`, `album_id`, `media_id`) VALUES ('13', '13', '13');
INSERT INTO `photos` (`id`, `album_id`, `media_id`) VALUES ('14', '14', '14');
INSERT INTO `photos` (`id`, `album_id`, `media_id`) VALUES ('15', '15', '15');
INSERT INTO `photos` (`id`, `album_id`, `media_id`) VALUES ('16', '16', '16');
INSERT INTO `photos` (`id`, `album_id`, `media_id`) VALUES ('17', '17', '17');
INSERT INTO `photos` (`id`, `album_id`, `media_id`) VALUES ('18', '18', '18');
INSERT INTO `photos` (`id`, `album_id`, `media_id`) VALUES ('19', '19', '19');
INSERT INTO `photos` (`id`, `album_id`, `media_id`) VALUES ('20', '20', '20');
INSERT INTO `photos` (`id`, `album_id`, `media_id`) VALUES ('21', '21', '21');
INSERT INTO `photos` (`id`, `album_id`, `media_id`) VALUES ('22', '22', '22');
INSERT INTO `photos` (`id`, `album_id`, `media_id`) VALUES ('23', '23', '23');
INSERT INTO `photos` (`id`, `album_id`, `media_id`) VALUES ('24', '24', '24');
INSERT INTO `photos` (`id`, `album_id`, `media_id`) VALUES ('25', '25', '25');
INSERT INTO `photos` (`id`, `album_id`, `media_id`) VALUES ('26', '26', '26');
INSERT INTO `photos` (`id`, `album_id`, `media_id`) VALUES ('27', '27', '27');
INSERT INTO `photos` (`id`, `album_id`, `media_id`) VALUES ('28', '28', '28');
INSERT INTO `photos` (`id`, `album_id`, `media_id`) VALUES ('29', '29', '29');
INSERT INTO `photos` (`id`, `album_id`, `media_id`) VALUES ('30', '30', '30');
INSERT INTO `photos` (`id`, `album_id`, `media_id`) VALUES ('31', '31', '31');
INSERT INTO `photos` (`id`, `album_id`, `media_id`) VALUES ('32', '32', '32');
INSERT INTO `photos` (`id`, `album_id`, `media_id`) VALUES ('33', '33', '33');
INSERT INTO `photos` (`id`, `album_id`, `media_id`) VALUES ('34', '34', '34');
INSERT INTO `photos` (`id`, `album_id`, `media_id`) VALUES ('35', '35', '35');
INSERT INTO `photos` (`id`, `album_id`, `media_id`) VALUES ('36', '36', '36');
INSERT INTO `photos` (`id`, `album_id`, `media_id`) VALUES ('37', '37', '37');
INSERT INTO `photos` (`id`, `album_id`, `media_id`) VALUES ('38', '38', '38');
INSERT INTO `photos` (`id`, `album_id`, `media_id`) VALUES ('39', '39', '39');
INSERT INTO `photos` (`id`, `album_id`, `media_id`) VALUES ('40', '40', '40');
INSERT INTO `photos` (`id`, `album_id`, `media_id`) VALUES ('41', '41', '41');
INSERT INTO `photos` (`id`, `album_id`, `media_id`) VALUES ('42', '42', '42');
INSERT INTO `photos` (`id`, `album_id`, `media_id`) VALUES ('43', '43', '43');
INSERT INTO `photos` (`id`, `album_id`, `media_id`) VALUES ('44', '44', '44');
INSERT INTO `photos` (`id`, `album_id`, `media_id`) VALUES ('45', '45', '45');
INSERT INTO `photos` (`id`, `album_id`, `media_id`) VALUES ('46', '46', '46');
INSERT INTO `photos` (`id`, `album_id`, `media_id`) VALUES ('47', '47', '47');
INSERT INTO `photos` (`id`, `album_id`, `media_id`) VALUES ('48', '48', '48');
INSERT INTO `photos` (`id`, `album_id`, `media_id`) VALUES ('49', '49', '49');
INSERT INTO `photos` (`id`, `album_id`, `media_id`) VALUES ('50', '50', '50');
INSERT INTO `photos` (`id`, `album_id`, `media_id`) VALUES ('51', '51', '51');
INSERT INTO `photos` (`id`, `album_id`, `media_id`) VALUES ('52', '52', '52');
INSERT INTO `photos` (`id`, `album_id`, `media_id`) VALUES ('53', '53', '53');
INSERT INTO `photos` (`id`, `album_id`, `media_id`) VALUES ('54', '54', '54');
INSERT INTO `photos` (`id`, `album_id`, `media_id`) VALUES ('55', '55', '55');
INSERT INTO `photos` (`id`, `album_id`, `media_id`) VALUES ('56', '56', '56');
INSERT INTO `photos` (`id`, `album_id`, `media_id`) VALUES ('57', '57', '57');
INSERT INTO `photos` (`id`, `album_id`, `media_id`) VALUES ('58', '58', '58');
INSERT INTO `photos` (`id`, `album_id`, `media_id`) VALUES ('59', '59', '59');
INSERT INTO `photos` (`id`, `album_id`, `media_id`) VALUES ('60', '60', '60');
INSERT INTO `photos` (`id`, `album_id`, `media_id`) VALUES ('61', '61', '61');
INSERT INTO `photos` (`id`, `album_id`, `media_id`) VALUES ('62', '62', '62');
INSERT INTO `photos` (`id`, `album_id`, `media_id`) VALUES ('63', '63', '63');
INSERT INTO `photos` (`id`, `album_id`, `media_id`) VALUES ('64', '64', '64');
INSERT INTO `photos` (`id`, `album_id`, `media_id`) VALUES ('65', '65', '65');
INSERT INTO `photos` (`id`, `album_id`, `media_id`) VALUES ('66', '66', '66');
INSERT INTO `photos` (`id`, `album_id`, `media_id`) VALUES ('67', '67', '67');
INSERT INTO `photos` (`id`, `album_id`, `media_id`) VALUES ('68', '68', '68');
INSERT INTO `photos` (`id`, `album_id`, `media_id`) VALUES ('69', '69', '69');
INSERT INTO `photos` (`id`, `album_id`, `media_id`) VALUES ('70', '70', '70');
INSERT INTO `photos` (`id`, `album_id`, `media_id`) VALUES ('71', '71', '71');
INSERT INTO `photos` (`id`, `album_id`, `media_id`) VALUES ('72', '72', '72');
INSERT INTO `photos` (`id`, `album_id`, `media_id`) VALUES ('73', '73', '73');
INSERT INTO `photos` (`id`, `album_id`, `media_id`) VALUES ('74', '74', '74');
INSERT INTO `photos` (`id`, `album_id`, `media_id`) VALUES ('75', '75', '75');
INSERT INTO `photos` (`id`, `album_id`, `media_id`) VALUES ('76', '76', '76');
INSERT INTO `photos` (`id`, `album_id`, `media_id`) VALUES ('77', '77', '77');
INSERT INTO `photos` (`id`, `album_id`, `media_id`) VALUES ('78', '78', '78');
INSERT INTO `photos` (`id`, `album_id`, `media_id`) VALUES ('79', '79', '79');
INSERT INTO `photos` (`id`, `album_id`, `media_id`) VALUES ('80', '80', '80');
INSERT INTO `photos` (`id`, `album_id`, `media_id`) VALUES ('81', '81', '81');
INSERT INTO `photos` (`id`, `album_id`, `media_id`) VALUES ('82', '82', '82');
INSERT INTO `photos` (`id`, `album_id`, `media_id`) VALUES ('83', '83', '83');
INSERT INTO `photos` (`id`, `album_id`, `media_id`) VALUES ('84', '84', '84');
INSERT INTO `photos` (`id`, `album_id`, `media_id`) VALUES ('85', '85', '85');
INSERT INTO `photos` (`id`, `album_id`, `media_id`) VALUES ('86', '86', '86');
INSERT INTO `photos` (`id`, `album_id`, `media_id`) VALUES ('87', '87', '87');
INSERT INTO `photos` (`id`, `album_id`, `media_id`) VALUES ('88', '88', '88');
INSERT INTO `photos` (`id`, `album_id`, `media_id`) VALUES ('89', '89', '89');
INSERT INTO `photos` (`id`, `album_id`, `media_id`) VALUES ('90', '90', '90');
INSERT INTO `photos` (`id`, `album_id`, `media_id`) VALUES ('91', '91', '91');
INSERT INTO `photos` (`id`, `album_id`, `media_id`) VALUES ('92', '92', '92');
INSERT INTO `photos` (`id`, `album_id`, `media_id`) VALUES ('93', '93', '93');
INSERT INTO `photos` (`id`, `album_id`, `media_id`) VALUES ('94', '94', '94');
INSERT INTO `photos` (`id`, `album_id`, `media_id`) VALUES ('95', '95', '95');
INSERT INTO `photos` (`id`, `album_id`, `media_id`) VALUES ('96', '96', '96');
INSERT INTO `photos` (`id`, `album_id`, `media_id`) VALUES ('97', '97', '97');
INSERT INTO `photos` (`id`, `album_id`, `media_id`) VALUES ('98', '98', '98');
INSERT INTO `photos` (`id`, `album_id`, `media_id`) VALUES ('99', '99', '99');
INSERT INTO `photos` (`id`, `album_id`, `media_id`) VALUES ('100', '100', '100');


#
# TABLE STRUCTURE FOR: profiles
#

DROP TABLE IF EXISTS `profiles`;

CREATE TABLE `profiles` (
  `user_id` bigint(20) unsigned NOT NULL AUTO_INCREMENT,
  `gender` char(1) COLLATE utf8_unicode_ci DEFAULT NULL,
  `birthday` date DEFAULT NULL,
  `photo_id` bigint(20) unsigned DEFAULT NULL,
  `created_at` datetime DEFAULT current_timestamp(),
  `hometown` varchar(100) COLLATE utf8_unicode_ci DEFAULT NULL,
  PRIMARY KEY (`user_id`),
  KEY `photo_id` (`photo_id`),
  CONSTRAINT `profiles_ibfk_1` FOREIGN KEY (`user_id`) REFERENCES `users` (`id`) ON UPDATE CASCADE,
  CONSTRAINT `profiles_ibfk_2` FOREIGN KEY (`photo_id`) REFERENCES `media` (`id`)
) ENGINE=InnoDB AUTO_INCREMENT=101 DEFAULT CHARSET=utf8 COLLATE=utf8_unicode_ci;

INSERT INTO `profiles` (`user_id`, `gender`, `birthday`, `photo_id`, `created_at`, `hometown`) VALUES ('1', '', '1972-05-10', '1', '1972-05-27 20:48:21', NULL);
INSERT INTO `profiles` (`user_id`, `gender`, `birthday`, `photo_id`, `created_at`, `hometown`) VALUES ('2', '', '2001-12-08', '2', '1985-05-08 06:52:28', NULL);
INSERT INTO `profiles` (`user_id`, `gender`, `birthday`, `photo_id`, `created_at`, `hometown`) VALUES ('3', '1', '1989-05-04', '3', '1986-01-26 00:55:54', NULL);
INSERT INTO `profiles` (`user_id`, `gender`, `birthday`, `photo_id`, `created_at`, `hometown`) VALUES ('4', '1', '2000-09-21', '4', '1979-05-27 18:10:48', NULL);
INSERT INTO `profiles` (`user_id`, `gender`, `birthday`, `photo_id`, `created_at`, `hometown`) VALUES ('5', '', '1986-02-13', '5', '1977-03-21 02:26:58', NULL);
INSERT INTO `profiles` (`user_id`, `gender`, `birthday`, `photo_id`, `created_at`, `hometown`) VALUES ('6', '', '1986-01-24', '6', '2002-11-12 22:47:32', NULL);
INSERT INTO `profiles` (`user_id`, `gender`, `birthday`, `photo_id`, `created_at`, `hometown`) VALUES ('7', '', '1988-11-04', '7', '1973-09-28 16:16:26', NULL);
INSERT INTO `profiles` (`user_id`, `gender`, `birthday`, `photo_id`, `created_at`, `hometown`) VALUES ('8', '', '1982-05-03', '8', '1987-01-25 20:43:30', NULL);
INSERT INTO `profiles` (`user_id`, `gender`, `birthday`, `photo_id`, `created_at`, `hometown`) VALUES ('9', '', '1979-05-07', '9', '2011-05-19 21:08:42', NULL);
INSERT INTO `profiles` (`user_id`, `gender`, `birthday`, `photo_id`, `created_at`, `hometown`) VALUES ('10', '1', '1983-05-18', '10', '2000-06-27 23:32:40', NULL);
INSERT INTO `profiles` (`user_id`, `gender`, `birthday`, `photo_id`, `created_at`, `hometown`) VALUES ('11', '1', '2004-11-26', '11', '1978-12-09 13:32:28', NULL);
INSERT INTO `profiles` (`user_id`, `gender`, `birthday`, `photo_id`, `created_at`, `hometown`) VALUES ('12', '1', '1996-10-03', '12', '2015-12-03 12:55:29', NULL);
INSERT INTO `profiles` (`user_id`, `gender`, `birthday`, `photo_id`, `created_at`, `hometown`) VALUES ('13', '1', '1979-02-26', '13', '1991-09-23 06:14:57', NULL);
INSERT INTO `profiles` (`user_id`, `gender`, `birthday`, `photo_id`, `created_at`, `hometown`) VALUES ('14', '1', '2015-03-30', '14', '2012-02-22 12:13:00', NULL);
INSERT INTO `profiles` (`user_id`, `gender`, `birthday`, `photo_id`, `created_at`, `hometown`) VALUES ('15', '', '1972-10-16', '15', '1982-07-29 02:09:52', NULL);
INSERT INTO `profiles` (`user_id`, `gender`, `birthday`, `photo_id`, `created_at`, `hometown`) VALUES ('16', '1', '2010-09-24', '16', '2000-02-17 10:19:02', NULL);
INSERT INTO `profiles` (`user_id`, `gender`, `birthday`, `photo_id`, `created_at`, `hometown`) VALUES ('17', '', '2011-04-13', '17', '1981-01-30 12:47:38', NULL);
INSERT INTO `profiles` (`user_id`, `gender`, `birthday`, `photo_id`, `created_at`, `hometown`) VALUES ('18', '', '2003-10-21', '18', '1980-12-22 10:11:20', NULL);
INSERT INTO `profiles` (`user_id`, `gender`, `birthday`, `photo_id`, `created_at`, `hometown`) VALUES ('19', '1', '2019-03-24', '19', '1987-06-30 12:59:53', NULL);
INSERT INTO `profiles` (`user_id`, `gender`, `birthday`, `photo_id`, `created_at`, `hometown`) VALUES ('20', '1', '1993-09-05', '20', '1996-06-22 00:47:11', NULL);
INSERT INTO `profiles` (`user_id`, `gender`, `birthday`, `photo_id`, `created_at`, `hometown`) VALUES ('21', '', '1983-05-27', '21', '2016-10-22 10:12:27', NULL);
INSERT INTO `profiles` (`user_id`, `gender`, `birthday`, `photo_id`, `created_at`, `hometown`) VALUES ('22', '', '1981-01-04', '22', '1978-08-20 23:58:19', NULL);
INSERT INTO `profiles` (`user_id`, `gender`, `birthday`, `photo_id`, `created_at`, `hometown`) VALUES ('23', '', '2016-10-16', '23', '2014-06-26 21:12:50', NULL);
INSERT INTO `profiles` (`user_id`, `gender`, `birthday`, `photo_id`, `created_at`, `hometown`) VALUES ('24', '1', '2007-02-06', '24', '2001-12-20 15:42:13', NULL);
INSERT INTO `profiles` (`user_id`, `gender`, `birthday`, `photo_id`, `created_at`, `hometown`) VALUES ('25', '1', '2016-11-24', '25', '2015-11-04 07:09:14', NULL);
INSERT INTO `profiles` (`user_id`, `gender`, `birthday`, `photo_id`, `created_at`, `hometown`) VALUES ('26', '', '1996-07-13', '26', '2014-09-04 06:03:26', NULL);
INSERT INTO `profiles` (`user_id`, `gender`, `birthday`, `photo_id`, `created_at`, `hometown`) VALUES ('27', '1', '1972-10-11', '27', '1982-12-02 10:39:32', NULL);
INSERT INTO `profiles` (`user_id`, `gender`, `birthday`, `photo_id`, `created_at`, `hometown`) VALUES ('28', '1', '1996-10-15', '28', '2006-02-12 15:46:38', NULL);
INSERT INTO `profiles` (`user_id`, `gender`, `birthday`, `photo_id`, `created_at`, `hometown`) VALUES ('29', '1', '2012-02-14', '29', '1997-04-25 17:24:24', NULL);
INSERT INTO `profiles` (`user_id`, `gender`, `birthday`, `photo_id`, `created_at`, `hometown`) VALUES ('30', '', '1974-01-07', '30', '2009-03-08 19:53:03', NULL);
INSERT INTO `profiles` (`user_id`, `gender`, `birthday`, `photo_id`, `created_at`, `hometown`) VALUES ('31', '', '2003-12-16', '31', '1981-01-21 07:21:13', NULL);
INSERT INTO `profiles` (`user_id`, `gender`, `birthday`, `photo_id`, `created_at`, `hometown`) VALUES ('32', '', '1987-04-04', '32', '2015-07-21 10:36:14', NULL);
INSERT INTO `profiles` (`user_id`, `gender`, `birthday`, `photo_id`, `created_at`, `hometown`) VALUES ('33', '1', '2008-04-21', '33', '1992-11-06 07:40:07', NULL);
INSERT INTO `profiles` (`user_id`, `gender`, `birthday`, `photo_id`, `created_at`, `hometown`) VALUES ('34', '1', '2003-03-03', '34', '1983-11-05 09:14:36', NULL);
INSERT INTO `profiles` (`user_id`, `gender`, `birthday`, `photo_id`, `created_at`, `hometown`) VALUES ('35', '', '1982-11-09', '35', '1971-04-14 06:56:16', NULL);
INSERT INTO `profiles` (`user_id`, `gender`, `birthday`, `photo_id`, `created_at`, `hometown`) VALUES ('36', '1', '2002-02-07', '36', '2009-08-19 20:52:12', NULL);
INSERT INTO `profiles` (`user_id`, `gender`, `birthday`, `photo_id`, `created_at`, `hometown`) VALUES ('37', '1', '2004-04-03', '37', '2014-04-25 12:37:19', NULL);
INSERT INTO `profiles` (`user_id`, `gender`, `birthday`, `photo_id`, `created_at`, `hometown`) VALUES ('38', '1', '1986-12-14', '38', '2014-09-15 12:29:19', NULL);
INSERT INTO `profiles` (`user_id`, `gender`, `birthday`, `photo_id`, `created_at`, `hometown`) VALUES ('39', '1', '1994-08-24', '39', '2000-09-18 07:56:36', NULL);
INSERT INTO `profiles` (`user_id`, `gender`, `birthday`, `photo_id`, `created_at`, `hometown`) VALUES ('40', '', '1971-09-23', '40', '1991-11-04 09:30:49', NULL);
INSERT INTO `profiles` (`user_id`, `gender`, `birthday`, `photo_id`, `created_at`, `hometown`) VALUES ('41', '', '2009-08-09', '41', '1987-08-06 11:38:57', NULL);
INSERT INTO `profiles` (`user_id`, `gender`, `birthday`, `photo_id`, `created_at`, `hometown`) VALUES ('42', '1', '1982-03-19', '42', '2015-08-21 03:29:54', NULL);
INSERT INTO `profiles` (`user_id`, `gender`, `birthday`, `photo_id`, `created_at`, `hometown`) VALUES ('43', '1', '2007-04-16', '43', '2001-12-01 18:16:04', NULL);
INSERT INTO `profiles` (`user_id`, `gender`, `birthday`, `photo_id`, `created_at`, `hometown`) VALUES ('44', '1', '1977-08-12', '44', '1988-12-11 00:19:23', NULL);
INSERT INTO `profiles` (`user_id`, `gender`, `birthday`, `photo_id`, `created_at`, `hometown`) VALUES ('45', '1', '2003-08-29', '45', '2015-07-31 10:08:06', NULL);
INSERT INTO `profiles` (`user_id`, `gender`, `birthday`, `photo_id`, `created_at`, `hometown`) VALUES ('46', '', '1980-11-24', '46', '2010-01-31 02:24:15', NULL);
INSERT INTO `profiles` (`user_id`, `gender`, `birthday`, `photo_id`, `created_at`, `hometown`) VALUES ('47', '', '1971-02-06', '47', '1978-09-11 20:10:42', NULL);
INSERT INTO `profiles` (`user_id`, `gender`, `birthday`, `photo_id`, `created_at`, `hometown`) VALUES ('48', '1', '2009-06-16', '48', '1977-02-18 01:46:05', NULL);
INSERT INTO `profiles` (`user_id`, `gender`, `birthday`, `photo_id`, `created_at`, `hometown`) VALUES ('49', '1', '1995-06-30', '49', '1981-06-15 07:38:53', NULL);
INSERT INTO `profiles` (`user_id`, `gender`, `birthday`, `photo_id`, `created_at`, `hometown`) VALUES ('50', '1', '1987-08-24', '50', '2012-03-05 20:21:41', NULL);
INSERT INTO `profiles` (`user_id`, `gender`, `birthday`, `photo_id`, `created_at`, `hometown`) VALUES ('51', '1', '1996-08-18', '51', '2002-01-13 16:37:27', NULL);
INSERT INTO `profiles` (`user_id`, `gender`, `birthday`, `photo_id`, `created_at`, `hometown`) VALUES ('52', '1', '1977-11-07', '52', '2000-12-03 23:58:37', NULL);
INSERT INTO `profiles` (`user_id`, `gender`, `birthday`, `photo_id`, `created_at`, `hometown`) VALUES ('53', '1', '2007-02-02', '53', '1996-01-01 08:39:29', NULL);
INSERT INTO `profiles` (`user_id`, `gender`, `birthday`, `photo_id`, `created_at`, `hometown`) VALUES ('54', '1', '2014-09-25', '54', '1990-10-05 09:56:34', NULL);
INSERT INTO `profiles` (`user_id`, `gender`, `birthday`, `photo_id`, `created_at`, `hometown`) VALUES ('55', '', '2011-02-13', '55', '1973-07-09 19:19:50', NULL);
INSERT INTO `profiles` (`user_id`, `gender`, `birthday`, `photo_id`, `created_at`, `hometown`) VALUES ('56', '1', '1990-09-16', '56', '1972-08-14 23:01:08', NULL);
INSERT INTO `profiles` (`user_id`, `gender`, `birthday`, `photo_id`, `created_at`, `hometown`) VALUES ('57', '', '1985-03-06', '57', '2003-09-17 05:30:57', NULL);
INSERT INTO `profiles` (`user_id`, `gender`, `birthday`, `photo_id`, `created_at`, `hometown`) VALUES ('58', '1', '1994-10-08', '58', '1997-05-15 22:03:51', NULL);
INSERT INTO `profiles` (`user_id`, `gender`, `birthday`, `photo_id`, `created_at`, `hometown`) VALUES ('59', '1', '1984-06-13', '59', '2008-10-04 05:49:20', NULL);
INSERT INTO `profiles` (`user_id`, `gender`, `birthday`, `photo_id`, `created_at`, `hometown`) VALUES ('60', '', '1989-07-25', '60', '1982-01-30 01:00:23', NULL);
INSERT INTO `profiles` (`user_id`, `gender`, `birthday`, `photo_id`, `created_at`, `hometown`) VALUES ('61', '1', '2004-03-18', '61', '1980-03-30 09:33:55', NULL);
INSERT INTO `profiles` (`user_id`, `gender`, `birthday`, `photo_id`, `created_at`, `hometown`) VALUES ('62', '', '1983-02-28', '62', '1972-12-18 00:58:39', NULL);
INSERT INTO `profiles` (`user_id`, `gender`, `birthday`, `photo_id`, `created_at`, `hometown`) VALUES ('63', '1', '2011-09-21', '63', '1987-02-15 02:25:34', NULL);
INSERT INTO `profiles` (`user_id`, `gender`, `birthday`, `photo_id`, `created_at`, `hometown`) VALUES ('64', '1', '2019-07-04', '64', '1996-01-07 17:30:15', NULL);
INSERT INTO `profiles` (`user_id`, `gender`, `birthday`, `photo_id`, `created_at`, `hometown`) VALUES ('65', '', '1986-12-02', '65', '1997-11-28 15:45:29', NULL);
INSERT INTO `profiles` (`user_id`, `gender`, `birthday`, `photo_id`, `created_at`, `hometown`) VALUES ('66', '', '1997-05-04', '66', '2015-10-21 06:51:31', NULL);
INSERT INTO `profiles` (`user_id`, `gender`, `birthday`, `photo_id`, `created_at`, `hometown`) VALUES ('67', '1', '1998-09-01', '67', '2015-01-24 23:07:30', NULL);
INSERT INTO `profiles` (`user_id`, `gender`, `birthday`, `photo_id`, `created_at`, `hometown`) VALUES ('68', '1', '2014-01-25', '68', '1988-05-17 20:42:34', NULL);
INSERT INTO `profiles` (`user_id`, `gender`, `birthday`, `photo_id`, `created_at`, `hometown`) VALUES ('69', '', '1993-07-06', '69', '1995-01-03 17:23:12', NULL);
INSERT INTO `profiles` (`user_id`, `gender`, `birthday`, `photo_id`, `created_at`, `hometown`) VALUES ('70', '1', '1991-06-22', '70', '1987-05-06 12:13:38', NULL);
INSERT INTO `profiles` (`user_id`, `gender`, `birthday`, `photo_id`, `created_at`, `hometown`) VALUES ('71', '', '1984-10-03', '71', '2012-07-26 19:17:58', NULL);
INSERT INTO `profiles` (`user_id`, `gender`, `birthday`, `photo_id`, `created_at`, `hometown`) VALUES ('72', '', '1982-02-05', '72', '1971-09-13 20:50:48', NULL);
INSERT INTO `profiles` (`user_id`, `gender`, `birthday`, `photo_id`, `created_at`, `hometown`) VALUES ('73', '1', '1995-05-19', '73', '1980-08-02 23:31:09', NULL);
INSERT INTO `profiles` (`user_id`, `gender`, `birthday`, `photo_id`, `created_at`, `hometown`) VALUES ('74', '', '2014-03-15', '74', '1993-11-18 01:55:56', NULL);
INSERT INTO `profiles` (`user_id`, `gender`, `birthday`, `photo_id`, `created_at`, `hometown`) VALUES ('75', '', '2005-09-20', '75', '2013-04-19 00:32:24', NULL);
INSERT INTO `profiles` (`user_id`, `gender`, `birthday`, `photo_id`, `created_at`, `hometown`) VALUES ('76', '1', '2008-02-05', '76', '1990-08-29 22:16:14', NULL);
INSERT INTO `profiles` (`user_id`, `gender`, `birthday`, `photo_id`, `created_at`, `hometown`) VALUES ('77', '1', '1993-09-11', '77', '1980-12-01 02:38:19', NULL);
INSERT INTO `profiles` (`user_id`, `gender`, `birthday`, `photo_id`, `created_at`, `hometown`) VALUES ('78', '', '2003-06-28', '78', '2013-02-06 02:24:10', NULL);
INSERT INTO `profiles` (`user_id`, `gender`, `birthday`, `photo_id`, `created_at`, `hometown`) VALUES ('79', '1', '1992-09-03', '79', '1970-10-02 18:59:59', NULL);
INSERT INTO `profiles` (`user_id`, `gender`, `birthday`, `photo_id`, `created_at`, `hometown`) VALUES ('80', '', '1978-11-17', '80', '1984-09-07 11:42:13', NULL);
INSERT INTO `profiles` (`user_id`, `gender`, `birthday`, `photo_id`, `created_at`, `hometown`) VALUES ('81', '1', '2003-10-16', '81', '1994-04-30 03:59:08', NULL);
INSERT INTO `profiles` (`user_id`, `gender`, `birthday`, `photo_id`, `created_at`, `hometown`) VALUES ('82', '', '1972-03-23', '82', '2002-02-09 20:17:26', NULL);
INSERT INTO `profiles` (`user_id`, `gender`, `birthday`, `photo_id`, `created_at`, `hometown`) VALUES ('83', '', '1991-10-31', '83', '1997-02-07 20:48:03', NULL);
INSERT INTO `profiles` (`user_id`, `gender`, `birthday`, `photo_id`, `created_at`, `hometown`) VALUES ('84', '1', '2001-12-11', '84', '2017-10-06 12:10:31', NULL);
INSERT INTO `profiles` (`user_id`, `gender`, `birthday`, `photo_id`, `created_at`, `hometown`) VALUES ('85', '1', '1999-02-18', '85', '1989-01-06 15:35:14', NULL);
INSERT INTO `profiles` (`user_id`, `gender`, `birthday`, `photo_id`, `created_at`, `hometown`) VALUES ('86', '', '2002-04-20', '86', '1994-02-26 21:34:22', NULL);
INSERT INTO `profiles` (`user_id`, `gender`, `birthday`, `photo_id`, `created_at`, `hometown`) VALUES ('87', '1', '1985-08-12', '87', '1973-10-08 12:28:48', NULL);
INSERT INTO `profiles` (`user_id`, `gender`, `birthday`, `photo_id`, `created_at`, `hometown`) VALUES ('88', '', '2014-07-21', '88', '1995-12-24 17:01:13', NULL);
INSERT INTO `profiles` (`user_id`, `gender`, `birthday`, `photo_id`, `created_at`, `hometown`) VALUES ('89', '1', '2006-07-08', '89', '1988-01-21 09:43:26', NULL);
INSERT INTO `profiles` (`user_id`, `gender`, `birthday`, `photo_id`, `created_at`, `hometown`) VALUES ('90', '', '2001-01-22', '90', '1983-12-03 13:18:16', NULL);
INSERT INTO `profiles` (`user_id`, `gender`, `birthday`, `photo_id`, `created_at`, `hometown`) VALUES ('91', '', '1974-06-21', '91', '1986-10-11 09:40:13', NULL);
INSERT INTO `profiles` (`user_id`, `gender`, `birthday`, `photo_id`, `created_at`, `hometown`) VALUES ('92', '1', '1971-03-31', '92', '1994-01-04 14:47:14', NULL);
INSERT INTO `profiles` (`user_id`, `gender`, `birthday`, `photo_id`, `created_at`, `hometown`) VALUES ('93', '1', '1975-10-14', '93', '2002-01-13 03:22:08', NULL);
INSERT INTO `profiles` (`user_id`, `gender`, `birthday`, `photo_id`, `created_at`, `hometown`) VALUES ('94', '', '2011-03-10', '94', '2012-01-08 02:55:28', NULL);
INSERT INTO `profiles` (`user_id`, `gender`, `birthday`, `photo_id`, `created_at`, `hometown`) VALUES ('95', '', '2011-07-20', '95', '1995-10-07 03:32:37', NULL);
INSERT INTO `profiles` (`user_id`, `gender`, `birthday`, `photo_id`, `created_at`, `hometown`) VALUES ('96', '1', '1997-12-15', '96', '2013-11-19 10:46:31', NULL);
INSERT INTO `profiles` (`user_id`, `gender`, `birthday`, `photo_id`, `created_at`, `hometown`) VALUES ('97', '', '1985-05-03', '97', '1973-10-16 09:41:25', NULL);
INSERT INTO `profiles` (`user_id`, `gender`, `birthday`, `photo_id`, `created_at`, `hometown`) VALUES ('98', '', '2003-08-05', '98', '2004-02-04 05:33:05', NULL);
INSERT INTO `profiles` (`user_id`, `gender`, `birthday`, `photo_id`, `created_at`, `hometown`) VALUES ('99', '1', '1987-07-20', '99', '2016-12-02 22:19:33', NULL);
INSERT INTO `profiles` (`user_id`, `gender`, `birthday`, `photo_id`, `created_at`, `hometown`) VALUES ('100', '1', '2006-02-22', '100', '2016-04-10 21:27:05', NULL);


#
# TABLE STRUCTURE FOR: tables
#

DROP TABLE IF EXISTS `tables`;

CREATE TABLE `tables` (
  `id` bigint(20) unsigned NOT NULL AUTO_INCREMENT,
  `name` varchar(255) COLLATE utf8_unicode_ci DEFAULT NULL,
  `created_at` datetime DEFAULT current_timestamp(),
  `updated_at` datetime DEFAULT current_timestamp() ON UPDATE current_timestamp(),
  PRIMARY KEY (`id`)
) ENGINE=InnoDB AUTO_INCREMENT=5 DEFAULT CHARSET=utf8 COLLATE=utf8_unicode_ci;

INSERT INTO `tables` (`id`, `name`, `created_at`, `updated_at`) VALUES ('1', 'users', '2020-04-12 21:07:14', '2020-04-12 21:07:14');
INSERT INTO `tables` (`id`, `name`, `created_at`, `updated_at`) VALUES ('2', 'media', '2020-04-12 21:07:14', '2020-04-12 21:07:14');
INSERT INTO `tables` (`id`, `name`, `created_at`, `updated_at`) VALUES ('3', 'messages', '2020-04-12 21:07:14', '2020-04-12 21:07:14');
INSERT INTO `tables` (`id`, `name`, `created_at`, `updated_at`) VALUES ('4', 'photos', '2020-04-12 21:07:14', '2020-04-12 21:07:14');



#
# TABLE STRUCTURE FOR: users_communities
#

DROP TABLE IF EXISTS `users_communities`;

CREATE TABLE `users_communities` (
  `user_id` bigint(20) unsigned NOT NULL,
  `community_id` bigint(20) unsigned NOT NULL,
  PRIMARY KEY (`user_id`,`community_id`),
  KEY `community_id` (`community_id`),
  CONSTRAINT `users_communities_ibfk_1` FOREIGN KEY (`user_id`) REFERENCES `users` (`id`),
  CONSTRAINT `users_communities_ibfk_2` FOREIGN KEY (`community_id`) REFERENCES `communities` (`id`)
) ENGINE=InnoDB DEFAULT CHARSET=utf8 COLLATE=utf8_unicode_ci;

INSERT INTO `users_communities` (`user_id`, `community_id`) VALUES ('1', '1');
INSERT INTO `users_communities` (`user_id`, `community_id`) VALUES ('2', '2');
INSERT INTO `users_communities` (`user_id`, `community_id`) VALUES ('3', '3');
INSERT INTO `users_communities` (`user_id`, `community_id`) VALUES ('4', '4');
INSERT INTO `users_communities` (`user_id`, `community_id`) VALUES ('5', '5');
INSERT INTO `users_communities` (`user_id`, `community_id`) VALUES ('6', '6');
INSERT INTO `users_communities` (`user_id`, `community_id`) VALUES ('7', '7');
INSERT INTO `users_communities` (`user_id`, `community_id`) VALUES ('8', '8');
INSERT INTO `users_communities` (`user_id`, `community_id`) VALUES ('9', '9');
INSERT INTO `users_communities` (`user_id`, `community_id`) VALUES ('10', '10');
INSERT INTO `users_communities` (`user_id`, `community_id`) VALUES ('11', '11');
INSERT INTO `users_communities` (`user_id`, `community_id`) VALUES ('12', '12');
INSERT INTO `users_communities` (`user_id`, `community_id`) VALUES ('13', '13');
INSERT INTO `users_communities` (`user_id`, `community_id`) VALUES ('14', '14');
INSERT INTO `users_communities` (`user_id`, `community_id`) VALUES ('15', '15');
INSERT INTO `users_communities` (`user_id`, `community_id`) VALUES ('16', '16');
INSERT INTO `users_communities` (`user_id`, `community_id`) VALUES ('17', '17');
INSERT INTO `users_communities` (`user_id`, `community_id`) VALUES ('18', '18');
INSERT INTO `users_communities` (`user_id`, `community_id`) VALUES ('19', '19');
INSERT INTO `users_communities` (`user_id`, `community_id`) VALUES ('20', '20');
INSERT INTO `users_communities` (`user_id`, `community_id`) VALUES ('21', '21');
INSERT INTO `users_communities` (`user_id`, `community_id`) VALUES ('22', '22');
INSERT INTO `users_communities` (`user_id`, `community_id`) VALUES ('23', '23');
INSERT INTO `users_communities` (`user_id`, `community_id`) VALUES ('24', '24');
INSERT INTO `users_communities` (`user_id`, `community_id`) VALUES ('25', '25');
INSERT INTO `users_communities` (`user_id`, `community_id`) VALUES ('26', '26');
INSERT INTO `users_communities` (`user_id`, `community_id`) VALUES ('27', '27');
INSERT INTO `users_communities` (`user_id`, `community_id`) VALUES ('28', '28');
INSERT INTO `users_communities` (`user_id`, `community_id`) VALUES ('29', '29');
INSERT INTO `users_communities` (`user_id`, `community_id`) VALUES ('30', '30');
INSERT INTO `users_communities` (`user_id`, `community_id`) VALUES ('31', '31');
INSERT INTO `users_communities` (`user_id`, `community_id`) VALUES ('32', '32');
INSERT INTO `users_communities` (`user_id`, `community_id`) VALUES ('33', '33');
INSERT INTO `users_communities` (`user_id`, `community_id`) VALUES ('34', '34');
INSERT INTO `users_communities` (`user_id`, `community_id`) VALUES ('35', '35');
INSERT INTO `users_communities` (`user_id`, `community_id`) VALUES ('36', '36');
INSERT INTO `users_communities` (`user_id`, `community_id`) VALUES ('37', '37');
INSERT INTO `users_communities` (`user_id`, `community_id`) VALUES ('38', '38');
INSERT INTO `users_communities` (`user_id`, `community_id`) VALUES ('39', '39');
INSERT INTO `users_communities` (`user_id`, `community_id`) VALUES ('40', '40');
INSERT INTO `users_communities` (`user_id`, `community_id`) VALUES ('41', '41');
INSERT INTO `users_communities` (`user_id`, `community_id`) VALUES ('42', '42');
INSERT INTO `users_communities` (`user_id`, `community_id`) VALUES ('43', '43');
INSERT INTO `users_communities` (`user_id`, `community_id`) VALUES ('44', '44');
INSERT INTO `users_communities` (`user_id`, `community_id`) VALUES ('45', '45');
INSERT INTO `users_communities` (`user_id`, `community_id`) VALUES ('46', '46');
INSERT INTO `users_communities` (`user_id`, `community_id`) VALUES ('47', '47');
INSERT INTO `users_communities` (`user_id`, `community_id`) VALUES ('48', '48');
INSERT INTO `users_communities` (`user_id`, `community_id`) VALUES ('49', '49');
INSERT INTO `users_communities` (`user_id`, `community_id`) VALUES ('50', '50');
INSERT INTO `users_communities` (`user_id`, `community_id`) VALUES ('51', '51');
INSERT INTO `users_communities` (`user_id`, `community_id`) VALUES ('52', '52');
INSERT INTO `users_communities` (`user_id`, `community_id`) VALUES ('53', '53');
INSERT INTO `users_communities` (`user_id`, `community_id`) VALUES ('54', '54');
INSERT INTO `users_communities` (`user_id`, `community_id`) VALUES ('55', '55');
INSERT INTO `users_communities` (`user_id`, `community_id`) VALUES ('56', '56');
INSERT INTO `users_communities` (`user_id`, `community_id`) VALUES ('57', '57');
INSERT INTO `users_communities` (`user_id`, `community_id`) VALUES ('58', '58');
INSERT INTO `users_communities` (`user_id`, `community_id`) VALUES ('59', '59');
INSERT INTO `users_communities` (`user_id`, `community_id`) VALUES ('60', '60');
INSERT INTO `users_communities` (`user_id`, `community_id`) VALUES ('61', '61');
INSERT INTO `users_communities` (`user_id`, `community_id`) VALUES ('62', '62');
INSERT INTO `users_communities` (`user_id`, `community_id`) VALUES ('63', '63');
INSERT INTO `users_communities` (`user_id`, `community_id`) VALUES ('64', '64');
INSERT INTO `users_communities` (`user_id`, `community_id`) VALUES ('65', '65');
INSERT INTO `users_communities` (`user_id`, `community_id`) VALUES ('66', '66');
INSERT INTO `users_communities` (`user_id`, `community_id`) VALUES ('67', '67');
INSERT INTO `users_communities` (`user_id`, `community_id`) VALUES ('68', '68');
INSERT INTO `users_communities` (`user_id`, `community_id`) VALUES ('69', '69');
INSERT INTO `users_communities` (`user_id`, `community_id`) VALUES ('70', '70');
INSERT INTO `users_communities` (`user_id`, `community_id`) VALUES ('71', '71');
INSERT INTO `users_communities` (`user_id`, `community_id`) VALUES ('72', '72');
INSERT INTO `users_communities` (`user_id`, `community_id`) VALUES ('73', '73');
INSERT INTO `users_communities` (`user_id`, `community_id`) VALUES ('74', '74');
INSERT INTO `users_communities` (`user_id`, `community_id`) VALUES ('75', '75');
INSERT INTO `users_communities` (`user_id`, `community_id`) VALUES ('76', '76');
INSERT INTO `users_communities` (`user_id`, `community_id`) VALUES ('77', '77');
INSERT INTO `users_communities` (`user_id`, `community_id`) VALUES ('78', '78');
INSERT INTO `users_communities` (`user_id`, `community_id`) VALUES ('79', '79');
INSERT INTO `users_communities` (`user_id`, `community_id`) VALUES ('80', '80');
INSERT INTO `users_communities` (`user_id`, `community_id`) VALUES ('81', '81');
INSERT INTO `users_communities` (`user_id`, `community_id`) VALUES ('82', '82');
INSERT INTO `users_communities` (`user_id`, `community_id`) VALUES ('83', '83');
INSERT INTO `users_communities` (`user_id`, `community_id`) VALUES ('84', '84');
INSERT INTO `users_communities` (`user_id`, `community_id`) VALUES ('85', '85');
INSERT INTO `users_communities` (`user_id`, `community_id`) VALUES ('86', '86');
INSERT INTO `users_communities` (`user_id`, `community_id`) VALUES ('87', '87');
INSERT INTO `users_communities` (`user_id`, `community_id`) VALUES ('88', '88');
INSERT INTO `users_communities` (`user_id`, `community_id`) VALUES ('89', '89');
INSERT INTO `users_communities` (`user_id`, `community_id`) VALUES ('90', '90');
INSERT INTO `users_communities` (`user_id`, `community_id`) VALUES ('91', '91');
INSERT INTO `users_communities` (`user_id`, `community_id`) VALUES ('92', '92');
INSERT INTO `users_communities` (`user_id`, `community_id`) VALUES ('93', '93');
INSERT INTO `users_communities` (`user_id`, `community_id`) VALUES ('94', '94');
INSERT INTO `users_communities` (`user_id`, `community_id`) VALUES ('95', '95');
INSERT INTO `users_communities` (`user_id`, `community_id`) VALUES ('96', '96');
INSERT INTO `users_communities` (`user_id`, `community_id`) VALUES ('97', '97');
INSERT INTO `users_communities` (`user_id`, `community_id`) VALUES ('98', '98');
INSERT INTO `users_communities` (`user_id`, `community_id`) VALUES ('99', '99');
INSERT INTO `users_communities` (`user_id`, `community_id`) VALUES ('100', '100');


#
# TABLE STRUCTURE FOR: likes
#

DROP TABLE IF EXISTS `likes`;

CREATE TABLE `likes` (
  `id` bigint(20) unsigned NOT NULL AUTO_INCREMENT,
  `user_id` bigint(20) unsigned NOT NULL,
  `media_id` bigint(20) unsigned NOT NULL,
  `table_name_id` bigint(20) unsigned NOT NULL,
  `created_at` datetime DEFAULT current_timestamp(),
  PRIMARY KEY (`id`),
  KEY `user_id` (`user_id`,`media_id`),
  KEY `media_id` (`media_id`),
  KEY `table_name_id` (`table_name_id`),
  CONSTRAINT `likes_ibfk_1` FOREIGN KEY (`user_id`) REFERENCES `users` (`id`),
  CONSTRAINT `likes_ibfk_2` FOREIGN KEY (`media_id`) REFERENCES `media` (`id`),
  CONSTRAINT `likes_ibfk_3` FOREIGN KEY (`table_name_id`) REFERENCES `tables` (`id`)
) ENGINE=InnoDB AUTO_INCREMENT=101 DEFAULT CHARSET=utf8 COLLATE=utf8_unicode_ci;

INSERT INTO `likes` (`id`, `user_id`, `media_id`, `table_name_id`, `created_at`) VALUES ('1', '1', '1', '1', '1975-04-09 00:01:45');
INSERT INTO `likes` (`id`, `user_id`, `media_id`, `table_name_id`, `created_at`) VALUES ('2', '2', '2', '2', '2011-05-18 06:27:36');
INSERT INTO `likes` (`id`, `user_id`, `media_id`, `table_name_id`, `created_at`) VALUES ('3', '3', '3', '3', '2009-12-01 19:41:32');
INSERT INTO `likes` (`id`, `user_id`, `media_id`, `table_name_id`, `created_at`) VALUES ('4', '4', '4', '4', '1978-07-06 18:53:08');
INSERT INTO `likes` (`id`, `user_id`, `media_id`, `table_name_id`, `created_at`) VALUES ('5', '5', '5', '1', '2009-01-22 21:26:00');
INSERT INTO `likes` (`id`, `user_id`, `media_id`, `table_name_id`, `created_at`) VALUES ('6', '6', '6', '2', '2015-01-27 17:28:52');
INSERT INTO `likes` (`id`, `user_id`, `media_id`, `table_name_id`, `created_at`) VALUES ('7', '7', '7', '3', '1999-10-29 20:50:54');
INSERT INTO `likes` (`id`, `user_id`, `media_id`, `table_name_id`, `created_at`) VALUES ('8', '8', '8', '4', '1973-09-02 20:30:20');
INSERT INTO `likes` (`id`, `user_id`, `media_id`, `table_name_id`, `created_at`) VALUES ('9', '9', '9', '1', '2013-08-19 16:18:31');
INSERT INTO `likes` (`id`, `user_id`, `media_id`, `table_name_id`, `created_at`) VALUES ('10', '10', '10', '2', '2018-11-13 01:10:20');
INSERT INTO `likes` (`id`, `user_id`, `media_id`, `table_name_id`, `created_at`) VALUES ('11', '11', '11', '3', '2016-09-10 14:37:09');
INSERT INTO `likes` (`id`, `user_id`, `media_id`, `table_name_id`, `created_at`) VALUES ('12', '12', '12', '4', '1970-10-20 23:04:06');
INSERT INTO `likes` (`id`, `user_id`, `media_id`, `table_name_id`, `created_at`) VALUES ('13', '13', '13', '1', '1985-06-02 10:06:30');
INSERT INTO `likes` (`id`, `user_id`, `media_id`, `table_name_id`, `created_at`) VALUES ('14', '14', '14', '2', '2019-07-17 02:09:08');
INSERT INTO `likes` (`id`, `user_id`, `media_id`, `table_name_id`, `created_at`) VALUES ('15', '15', '15', '3', '2009-02-17 13:10:53');
INSERT INTO `likes` (`id`, `user_id`, `media_id`, `table_name_id`, `created_at`) VALUES ('16', '16', '16', '4', '1988-04-20 15:02:55');
INSERT INTO `likes` (`id`, `user_id`, `media_id`, `table_name_id`, `created_at`) VALUES ('17', '17', '17', '1', '1994-08-27 19:59:30');
INSERT INTO `likes` (`id`, `user_id`, `media_id`, `table_name_id`, `created_at`) VALUES ('18', '18', '18', '2', '1996-12-27 17:38:22');
INSERT INTO `likes` (`id`, `user_id`, `media_id`, `table_name_id`, `created_at`) VALUES ('19', '19', '19', '3', '1992-03-21 02:19:44');
INSERT INTO `likes` (`id`, `user_id`, `media_id`, `table_name_id`, `created_at`) VALUES ('20', '20', '20', '4', '1976-11-30 15:04:51');
INSERT INTO `likes` (`id`, `user_id`, `media_id`, `table_name_id`, `created_at`) VALUES ('21', '21', '21', '1', '2001-11-19 14:41:18');
INSERT INTO `likes` (`id`, `user_id`, `media_id`, `table_name_id`, `created_at`) VALUES ('22', '22', '22', '2', '1995-03-09 13:29:36');
INSERT INTO `likes` (`id`, `user_id`, `media_id`, `table_name_id`, `created_at`) VALUES ('23', '23', '23', '3', '1991-05-22 07:52:09');
INSERT INTO `likes` (`id`, `user_id`, `media_id`, `table_name_id`, `created_at`) VALUES ('24', '24', '24', '4', '1987-09-11 09:24:52');
INSERT INTO `likes` (`id`, `user_id`, `media_id`, `table_name_id`, `created_at`) VALUES ('25', '25', '25', '1', '1999-05-24 01:53:32');
INSERT INTO `likes` (`id`, `user_id`, `media_id`, `table_name_id`, `created_at`) VALUES ('26', '26', '26', '2', '1977-03-28 17:31:53');
INSERT INTO `likes` (`id`, `user_id`, `media_id`, `table_name_id`, `created_at`) VALUES ('27', '27', '27', '3', '2007-09-23 12:25:51');
INSERT INTO `likes` (`id`, `user_id`, `media_id`, `table_name_id`, `created_at`) VALUES ('28', '28', '28', '4', '2005-04-27 19:01:27');
INSERT INTO `likes` (`id`, `user_id`, `media_id`, `table_name_id`, `created_at`) VALUES ('29', '29', '29', '1', '2003-08-17 00:39:12');
INSERT INTO `likes` (`id`, `user_id`, `media_id`, `table_name_id`, `created_at`) VALUES ('30', '30', '30', '2', '1995-04-28 18:49:53');
INSERT INTO `likes` (`id`, `user_id`, `media_id`, `table_name_id`, `created_at`) VALUES ('31', '31', '31', '3', '1994-09-08 06:46:14');
INSERT INTO `likes` (`id`, `user_id`, `media_id`, `table_name_id`, `created_at`) VALUES ('32', '32', '32', '4', '1981-07-29 18:54:38');
INSERT INTO `likes` (`id`, `user_id`, `media_id`, `table_name_id`, `created_at`) VALUES ('33', '33', '33', '1', '1975-12-20 13:07:17');
INSERT INTO `likes` (`id`, `user_id`, `media_id`, `table_name_id`, `created_at`) VALUES ('34', '34', '34', '2', '2009-04-19 12:03:43');
INSERT INTO `likes` (`id`, `user_id`, `media_id`, `table_name_id`, `created_at`) VALUES ('35', '35', '35', '3', '2010-08-22 12:57:13');
INSERT INTO `likes` (`id`, `user_id`, `media_id`, `table_name_id`, `created_at`) VALUES ('36', '36', '36', '4', '1993-10-17 11:55:46');
INSERT INTO `likes` (`id`, `user_id`, `media_id`, `table_name_id`, `created_at`) VALUES ('37', '37', '37', '1', '2003-02-15 06:01:05');
INSERT INTO `likes` (`id`, `user_id`, `media_id`, `table_name_id`, `created_at`) VALUES ('38', '38', '38', '2', '2009-01-30 04:54:56');
INSERT INTO `likes` (`id`, `user_id`, `media_id`, `table_name_id`, `created_at`) VALUES ('39', '39', '39', '3', '2001-07-29 10:56:09');
INSERT INTO `likes` (`id`, `user_id`, `media_id`, `table_name_id`, `created_at`) VALUES ('40', '40', '40', '4', '1995-07-09 11:44:48');
INSERT INTO `likes` (`id`, `user_id`, `media_id`, `table_name_id`, `created_at`) VALUES ('41', '41', '41', '1', '2017-12-23 01:49:56');
INSERT INTO `likes` (`id`, `user_id`, `media_id`, `table_name_id`, `created_at`) VALUES ('42', '42', '42', '2', '1980-11-17 20:37:29');
INSERT INTO `likes` (`id`, `user_id`, `media_id`, `table_name_id`, `created_at`) VALUES ('43', '43', '43', '3', '2013-05-03 20:43:25');
INSERT INTO `likes` (`id`, `user_id`, `media_id`, `table_name_id`, `created_at`) VALUES ('44', '44', '44', '4', '1985-12-25 02:35:37');
INSERT INTO `likes` (`id`, `user_id`, `media_id`, `table_name_id`, `created_at`) VALUES ('45', '45', '45', '1', '1977-04-05 04:37:37');
INSERT INTO `likes` (`id`, `user_id`, `media_id`, `table_name_id`, `created_at`) VALUES ('46', '46', '46', '2', '2013-06-27 13:51:55');
INSERT INTO `likes` (`id`, `user_id`, `media_id`, `table_name_id`, `created_at`) VALUES ('47', '47', '47', '3', '2017-11-06 23:17:32');
INSERT INTO `likes` (`id`, `user_id`, `media_id`, `table_name_id`, `created_at`) VALUES ('48', '48', '48', '4', '2006-07-22 05:23:45');
INSERT INTO `likes` (`id`, `user_id`, `media_id`, `table_name_id`, `created_at`) VALUES ('49', '49', '49', '1', '1994-03-18 17:35:41');
INSERT INTO `likes` (`id`, `user_id`, `media_id`, `table_name_id`, `created_at`) VALUES ('50', '50', '50', '2', '1999-08-18 14:20:13');
INSERT INTO `likes` (`id`, `user_id`, `media_id`, `table_name_id`, `created_at`) VALUES ('51', '51', '51', '3', '1986-01-19 18:10:05');
INSERT INTO `likes` (`id`, `user_id`, `media_id`, `table_name_id`, `created_at`) VALUES ('52', '52', '52', '4', '2016-09-10 05:17:55');
INSERT INTO `likes` (`id`, `user_id`, `media_id`, `table_name_id`, `created_at`) VALUES ('53', '53', '53', '1', '2005-02-17 23:51:57');
INSERT INTO `likes` (`id`, `user_id`, `media_id`, `table_name_id`, `created_at`) VALUES ('54', '54', '54', '2', '1994-01-19 06:29:28');
INSERT INTO `likes` (`id`, `user_id`, `media_id`, `table_name_id`, `created_at`) VALUES ('55', '55', '55', '3', '1971-09-05 15:31:27');
INSERT INTO `likes` (`id`, `user_id`, `media_id`, `table_name_id`, `created_at`) VALUES ('56', '56', '56', '4', '1978-02-28 10:49:08');
INSERT INTO `likes` (`id`, `user_id`, `media_id`, `table_name_id`, `created_at`) VALUES ('57', '57', '57', '1', '2016-12-11 00:56:24');
INSERT INTO `likes` (`id`, `user_id`, `media_id`, `table_name_id`, `created_at`) VALUES ('58', '58', '58', '2', '2010-04-05 06:10:51');
INSERT INTO `likes` (`id`, `user_id`, `media_id`, `table_name_id`, `created_at`) VALUES ('59', '59', '59', '3', '1977-06-15 21:01:03');
INSERT INTO `likes` (`id`, `user_id`, `media_id`, `table_name_id`, `created_at`) VALUES ('60', '60', '60', '4', '1990-07-30 09:25:29');
INSERT INTO `likes` (`id`, `user_id`, `media_id`, `table_name_id`, `created_at`) VALUES ('61', '61', '61', '1', '1981-04-23 19:31:10');
INSERT INTO `likes` (`id`, `user_id`, `media_id`, `table_name_id`, `created_at`) VALUES ('62', '62', '62', '2', '2018-12-29 15:23:34');
INSERT INTO `likes` (`id`, `user_id`, `media_id`, `table_name_id`, `created_at`) VALUES ('63', '63', '63', '3', '1997-09-19 01:26:34');
INSERT INTO `likes` (`id`, `user_id`, `media_id`, `table_name_id`, `created_at`) VALUES ('64', '64', '64', '4', '1978-02-21 09:28:10');
INSERT INTO `likes` (`id`, `user_id`, `media_id`, `table_name_id`, `created_at`) VALUES ('65', '65', '65', '1', '1977-10-11 12:06:34');
INSERT INTO `likes` (`id`, `user_id`, `media_id`, `table_name_id`, `created_at`) VALUES ('66', '66', '66', '2', '1994-02-11 00:41:20');
INSERT INTO `likes` (`id`, `user_id`, `media_id`, `table_name_id`, `created_at`) VALUES ('67', '67', '67', '3', '1994-11-20 03:38:37');
INSERT INTO `likes` (`id`, `user_id`, `media_id`, `table_name_id`, `created_at`) VALUES ('68', '68', '68', '4', '1979-11-21 09:53:13');
INSERT INTO `likes` (`id`, `user_id`, `media_id`, `table_name_id`, `created_at`) VALUES ('69', '69', '69', '1', '1974-06-27 15:57:36');
INSERT INTO `likes` (`id`, `user_id`, `media_id`, `table_name_id`, `created_at`) VALUES ('70', '70', '70', '2', '1972-02-16 10:41:03');
INSERT INTO `likes` (`id`, `user_id`, `media_id`, `table_name_id`, `created_at`) VALUES ('71', '71', '71', '3', '1973-09-30 20:41:52');
INSERT INTO `likes` (`id`, `user_id`, `media_id`, `table_name_id`, `created_at`) VALUES ('72', '72', '72', '4', '1974-06-27 04:19:46');
INSERT INTO `likes` (`id`, `user_id`, `media_id`, `table_name_id`, `created_at`) VALUES ('73', '73', '73', '1', '1994-08-11 12:16:42');
INSERT INTO `likes` (`id`, `user_id`, `media_id`, `table_name_id`, `created_at`) VALUES ('74', '74', '74', '2', '1998-12-10 09:34:59');
INSERT INTO `likes` (`id`, `user_id`, `media_id`, `table_name_id`, `created_at`) VALUES ('75', '75', '75', '3', '2003-03-06 01:17:52');
INSERT INTO `likes` (`id`, `user_id`, `media_id`, `table_name_id`, `created_at`) VALUES ('76', '76', '76', '4', '1988-02-12 07:33:05');
INSERT INTO `likes` (`id`, `user_id`, `media_id`, `table_name_id`, `created_at`) VALUES ('77', '77', '77', '1', '2016-08-16 17:26:24');
INSERT INTO `likes` (`id`, `user_id`, `media_id`, `table_name_id`, `created_at`) VALUES ('78', '78', '78', '2', '1982-04-17 03:06:56');
INSERT INTO `likes` (`id`, `user_id`, `media_id`, `table_name_id`, `created_at`) VALUES ('79', '79', '79', '3', '2017-09-01 18:10:25');
INSERT INTO `likes` (`id`, `user_id`, `media_id`, `table_name_id`, `created_at`) VALUES ('80', '80', '80', '4', '1991-02-17 03:48:05');
INSERT INTO `likes` (`id`, `user_id`, `media_id`, `table_name_id`, `created_at`) VALUES ('81', '81', '81', '1', '1991-03-02 17:33:45');
INSERT INTO `likes` (`id`, `user_id`, `media_id`, `table_name_id`, `created_at`) VALUES ('82', '82', '82', '2', '2016-06-11 19:39:28');
INSERT INTO `likes` (`id`, `user_id`, `media_id`, `table_name_id`, `created_at`) VALUES ('83', '83', '83', '3', '1991-12-21 05:46:10');
INSERT INTO `likes` (`id`, `user_id`, `media_id`, `table_name_id`, `created_at`) VALUES ('84', '84', '84', '4', '1978-07-25 16:32:23');
INSERT INTO `likes` (`id`, `user_id`, `media_id`, `table_name_id`, `created_at`) VALUES ('85', '85', '85', '1', '1974-12-10 21:31:07');
INSERT INTO `likes` (`id`, `user_id`, `media_id`, `table_name_id`, `created_at`) VALUES ('86', '86', '86', '2', '1979-06-14 17:41:42');
INSERT INTO `likes` (`id`, `user_id`, `media_id`, `table_name_id`, `created_at`) VALUES ('87', '87', '87', '3', '1982-05-20 23:08:29');
INSERT INTO `likes` (`id`, `user_id`, `media_id`, `table_name_id`, `created_at`) VALUES ('88', '88', '88', '4', '2019-03-17 05:32:11');
INSERT INTO `likes` (`id`, `user_id`, `media_id`, `table_name_id`, `created_at`) VALUES ('89', '89', '89', '1', '2006-11-21 08:51:11');
INSERT INTO `likes` (`id`, `user_id`, `media_id`, `table_name_id`, `created_at`) VALUES ('90', '90', '90', '2', '2009-08-28 11:06:04');
INSERT INTO `likes` (`id`, `user_id`, `media_id`, `table_name_id`, `created_at`) VALUES ('91', '91', '91', '3', '1990-09-22 18:13:06');
INSERT INTO `likes` (`id`, `user_id`, `media_id`, `table_name_id`, `created_at`) VALUES ('92', '92', '92', '4', '1988-10-21 18:28:42');
INSERT INTO `likes` (`id`, `user_id`, `media_id`, `table_name_id`, `created_at`) VALUES ('93', '93', '93', '1', '2007-01-23 22:59:45');
INSERT INTO `likes` (`id`, `user_id`, `media_id`, `table_name_id`, `created_at`) VALUES ('94', '94', '94', '2', '1974-09-12 11:10:43');
INSERT INTO `likes` (`id`, `user_id`, `media_id`, `table_name_id`, `created_at`) VALUES ('95', '95', '95', '3', '1978-07-20 10:50:22');
INSERT INTO `likes` (`id`, `user_id`, `media_id`, `table_name_id`, `created_at`) VALUES ('96', '96', '96', '4', '1987-04-29 17:49:06');
INSERT INTO `likes` (`id`, `user_id`, `media_id`, `table_name_id`, `created_at`) VALUES ('97', '97', '97', '1', '1983-04-14 06:08:54');
INSERT INTO `likes` (`id`, `user_id`, `media_id`, `table_name_id`, `created_at`) VALUES ('98', '98', '98', '2', '1999-04-15 15:49:57');
INSERT INTO `likes` (`id`, `user_id`, `media_id`, `table_name_id`, `created_at`) VALUES ('99', '99', '99', '3', '1983-08-29 23:52:02');
INSERT INTO `likes` (`id`, `user_id`, `media_id`, `table_name_id`, `created_at`) VALUES ('100', '100', '100', '4', '1975-12-22 05:03:09');


select m.created_at, m.body, uf.firstname as 'From first name' , uf.lastname as 'From last name', ut.firstname as 'To first name', ut.lastname as 'To last name'
from messages m 
JOIN users uf ON m.from_user_id = uf.id
JOIN users ut ON m.to_user_id = ut.id;

delete m 
from messages m
where m.id = 1;

update messages m
set m.body = 'Новое значение'
where m.id <10;

